;Вариант 1;;;;;;Вариант 2;;;;;;Вариант 3;;;;;;Вариант 4;;;;;;Вариант 5;;;;;;Вариант 6;;;;;;Вариант 7;;;;;;Вариант 8;;;;;;Вариант 9;;;;;;Вариант 10;;;;;;Вариант 11;;;;;;Вариант 12;;;;;;Вариант 13;;;;;;Вариант 14;;;;;;Вариант 15;;;;;;Вариант 16;;;;;;Вариант 17;;;;;;Вариант 18;;;;;;Вариант 19;;;;;;Вариант 20;;;;;;Вариант 21;;;;;;Вариант 22;;;;;;Вариант 23;;;;;;Вариант 24;;;;;;Вариант 25;;;;;;Вариант 26;;;;;;Вариант 27;;;;;;Вариант 28;;;;;;Вариант 29;;;;;;Вариант 30;;;;;;Вариант 31;;;;;;Вариант 32;;;;;;Вариант 33;;;;;;Вариант 34;;;;;;Вариант 35;;;;;;Вариант 36;;;;;;Вариант 37;;;;;;Вариант 38;;;;;;Вариант 39;;;;;;Вариант 40;;;;;;Вариант 41;;;;;;Вариант 42;;;;;;Вариант 43;;;;;;Вариант 44;;;;;;Вариант 45;;;;;;Вариант 46;;;;;;Вариант 47;;;;;;Вариант 48;;;;;;Вариант 49;;;;;;Вариант 50;;;;;;Вариант 51;;;;;;Вариант 52;;;;;;Вариант 53;;;;;;Вариант 54;;;;;;Вариант 55;;;;;;Вариант 56;;;;;;Вариант 57;;;;;;Вариант 58;;;;;;Вариант 59;;;;;;Вариант 60;;;;;
Дни продаж;мыло;порошок;средство;краска;пена;прибыль;мыло;порошок;средство;краска;пена;прибыль;мыло;порошок;средство;краска;пена;прибыль;мыло;порошок;средство;краска;пена;прибыль;мыло;порошок;средство;краска;пена;прибыль;мыло;порошок;средство;краска;пена;прибыль;мыло;порошок;средство;краска;пена;прибыль;мыло;порошок;средство;краска;пена;прибыль;мыло;порошок;средство;краска;пена;прибыль;мыло;порошок;средство;краска;пена;прибыль;мыло;порошок;средство;краска;пена;прибыль;мыло;порошок;средство;краска;пена;прибыль;мыло;порошок;средство;краска;пена;прибыль;мыло;порошок;средство;краска;пена;прибыль;мыло;порошок;средство;краска;пена;прибыль;мыло;порошок;средство;краска;пена;прибыль;мыло;порошок;средство;краска;пена;прибыль;мыло;порошок;средство;краска;пена;прибыль;мыло;порошок;средство;краска;пена;прибыль;мыло;порошок;средство;краска;пена;прибыль;мыло;порошок;средство;краска;пена;прибыль;мыло;порошок;средство;краска;пена;прибыль;мыло;порошок;средство;краска;пена;прибыль;мыло;порошок;средство;краска;пена;прибыль;мыло;порошок;средство;краска;пена;прибыль;мыло;порошок;средство;краска;пена;прибыль;мыло;порошок;средство;краска;пена;прибыль;мыло;порошок;средство;краска;пена;прибыль;мыло;порошок;средство;краска;пена;прибыль;мыло;порошок;средство;краска;пена;прибыль;мыло;порошок;средство;краска;пена;прибыль;мыло;порошок;средство;краска;пена;прибыль;мыло;порошок;средство;краска;пена;прибыль;мыло;порошок;средство;краска;пена;прибыль;мыло;порошок;средство;краска;пена;прибыль;мыло;порошок;средство;краска;пена;прибыль;мыло;порошок;средство;краска;пена;прибыль;мыло;порошок;средство;краска;пена;прибыль;мыло;порошок;средство;краска;пена;прибыль;мыло;порошок;средство;краска;пена;прибыль;мыло;порошок;средство;краска;пена;прибыль;мыло;порошок;средство;краска;пена;прибыль;мыло;порошок;средство;краска;пена;прибыль;мыло;порошок;средство;краска;пена;прибыль;мыло;порошок;средство;краска;пена;прибыль;мыло;порошок;средство;краска;пена;прибыль;мыло;порошок;средство;краска;пена;прибыль;мыло;порошок;средство;краска;пена;прибыль;мыло;порошок;средство;краска;пена;прибыль;мыло;порошок;средство;краска;пена;прибыль;мыло;порошок;средство;краска;пена;прибыль;мыло;порошок;средство;краска;пена;прибыль;мыло;порошок;средство;краска;пена;прибыль;мыло;порошок;средство;краска;пена;прибыль;мыло;порошок;средство;краска;пена;прибыль;мыло;порошок;средство;краска;пена;прибыль;мыло;порошок;средство;краска;пена;прибыль;мыло;порошок;средство;краска;пена;прибыль;мыло;порошок;средство;краска;пена;прибыль;мыло;порошок;средство;краска;пена;прибыль
;шт.;шт.;шт.;шт.;шт.;тыс. руб.;шт.;шт.;шт.;шт.;шт.;тыс. руб.;шт.;шт.;шт.;шт.;шт.;тыс. руб.;шт.;шт.;шт.;шт.;шт.;тыс. руб.;шт.;шт.;шт.;шт.;шт.;тыс. руб.;шт.;шт.;шт.;шт.;шт.;тыс. руб.;шт.;шт.;шт.;шт.;шт.;тыс. руб.;шт.;шт.;шт.;шт.;шт.;тыс. руб.;шт.;шт.;шт.;шт.;шт.;тыс. руб.;шт.;шт.;шт.;шт.;шт.;тыс. руб.;шт.;шт.;шт.;шт.;шт.;тыс. руб.;шт.;шт.;шт.;шт.;шт.;тыс. руб.;шт.;шт.;шт.;шт.;шт.;тыс. руб.;шт.;шт.;шт.;шт.;шт.;тыс. руб.;шт.;шт.;шт.;шт.;шт.;тыс. руб.;шт.;шт.;шт.;шт.;шт.;тыс. руб.;шт.;шт.;шт.;шт.;шт.;тыс. руб.;шт.;шт.;шт.;шт.;шт.;тыс. руб.;шт.;шт.;шт.;шт.;шт.;тыс. руб.;шт.;шт.;шт.;шт.;шт.;тыс. руб.;шт.;шт.;шт.;шт.;шт.;тыс. руб.;шт.;шт.;шт.;шт.;шт.;тыс. руб.;шт.;шт.;шт.;шт.;шт.;тыс. руб.;шт.;шт.;шт.;шт.;шт.;тыс. руб.;шт.;шт.;шт.;шт.;шт.;тыс. руб.;шт.;шт.;шт.;шт.;шт.;тыс. руб.;шт.;шт.;шт.;шт.;шт.;тыс. руб.;шт.;шт.;шт.;шт.;шт.;тыс. руб.;шт.;шт.;шт.;шт.;шт.;тыс. руб.;шт.;шт.;шт.;шт.;шт.;тыс. руб.;шт.;шт.;шт.;шт.;шт.;тыс. руб.;шт.;шт.;шт.;шт.;шт.;тыс. руб.;шт.;шт.;шт.;шт.;шт.;тыс. руб.;шт.;шт.;шт.;шт.;шт.;тыс. руб.;шт.;шт.;шт.;шт.;шт.;тыс. руб.;шт.;шт.;шт.;шт.;шт.;тыс. руб.;шт.;шт.;шт.;шт.;шт.;тыс. руб.;шт.;шт.;шт.;шт.;шт.;тыс. руб.;шт.;шт.;шт.;шт.;шт.;тыс. руб.;шт.;шт.;шт.;шт.;шт.;тыс. руб.;шт.;шт.;шт.;шт.;шт.;тыс. руб.;шт.;шт.;шт.;шт.;шт.;тыс. руб.;шт.;шт.;шт.;шт.;шт.;тыс. руб.;шт.;шт.;шт.;шт.;шт.;тыс. руб.;шт.;шт.;шт.;шт.;шт.;тыс. руб.;шт.;шт.;шт.;шт.;шт.;тыс. руб.;шт.;шт.;шт.;шт.;шт.;тыс. руб.;шт.;шт.;шт.;шт.;шт.;тыс. руб.;шт.;шт.;шт.;шт.;шт.;тыс. руб.;шт.;шт.;шт.;шт.;шт.;тыс. руб.;шт.;шт.;шт.;шт.;шт.;тыс. руб.;шт.;шт.;шт.;шт.;шт.;тыс. руб.;шт.;шт.;шт.;шт.;шт.;тыс. руб.;шт.;шт.;шт.;шт.;шт.;тыс. руб.;шт.;шт.;шт.;шт.;шт.;тыс. руб.;шт.;шт.;шт.;шт.;шт.;тыс. руб.;шт.;шт.;шт.;шт.;шт.;тыс. руб.;шт.;шт.;шт.;шт.;шт.;тыс. руб.;шт.;шт.;шт.;шт.;шт.;тыс. руб.;шт.;шт.;шт.;шт.;шт.;тыс. руб.
1;87;25;22;42;22;26,867;119;17;22;46;18;28,299;82;17;20;41;19;26,247;76;17;21;42;22;25,259;86;20;20;45;20;25,064;121;24;31;41;22;28,435;96;21;16;42;19;24,557;78;20;23;44;19;24,943;86;22;14;42;23;27,845;90;17;20;47;23;27,362;75;15;16;42;18;26,413;78;20;21;44;22;24,494;91;22;21;42;19;24,662;75;10;23;43;22;26,904;77;14;15;44;22;25,621;82;17;15;46;23;27,284;79;14;18;44;21;26,621;94;20;23;42;19;28,342;94;20;21;43;21;26,857;99;19;25;44;22;28,193;71;20;19;44;19;26,418;90;18;18;38;20;25,653;120;19;17;41;19;27,429;70;26;19;40;18;24,397;126;19;25;42;18;30,943;126;20;26;45;22;31,502;126;13;23;45;19;28,926;71;22;17;43;23;27,792;68;17;19;45;21;25,303;118;18;24;42;21;28,385;75;19;21;46;19;26,369;84;21;21;42;20;25,174;123;22;20;43;21;27,73;87;16;19;40;21;26,481;117;23;21;41;22;27,68;117;21;23;42;17;30,532;84;12;21;44;23;27,246;97;22;24;45;23;30,001;128;24;23;43;22;29,538;109;20;21;45;19;27,346;118;16;25;42;19;27,664;83;20;21;47;17;27,483;80;16;21;40;19;25,601;113;25;23;45;20;29,068;90;15;24;43;18;25,716;85;18;19;42;21;26,481;75;17;20;43;18;25,806;103;19;20;43;15;27,174;103;16;19;42;18;27,288;100;20;20;41;15;27,144;84;12;21;41;22;25,882;68;7;18;42;18;25,28;119;16;20;45;23;29,866;121;18;20;43;21;30,208;109;8;18;41;17;28,867;119;27;21;44;20;28,639;78;18;22;43;18;26,249;66;24;18;40;20;25,046;103;19;18;43;19;26,926;103;26;18;41;21;28,787
2;101;14;20;41;20;28,413;82;19;20;45;22;24,462;103;15;22;40;18;27,129;74;18;16;43;21;25,274;115;31;21;44;24;26,989;76;17;16;45;24;26,258;107;15;29;45;21;27,662;78;16;22;44;23;25,433;79;21;18;40;19;26,119;110;20;23;46;20;27,498;121;29;22;44;18;28,649;72;10;16;43;19;24,989;73;12;15;43;22;25,985;114;21;19;43;24;29,723;115;16;25;44;19;27,892;126;19;22;42;14;29,16;87;18;23;44;18;26,724;118;20;23;45;21;29,456;109;17;21;40;21;28,48;80;17;18;42;19;26,637;101;16;20;46;19;29,583;82;21;19;41;18;26,235;73;21;18;41;23;24,801;114;19;21;42;23;27,735;75;16;17;46;21;28,941;86;25;20;41;19;25,215;117;17;28;41;24;28,619;108;25;23;43;20;27,97;89;19;19;41;20;27,301;70;20;14;46;23;28,278;101;17;22;45;19;27,364;112;19;25;41;15;27,257;93;17;23;44;23;26,74;64;11;12;40;21;24,76;85;14;20;42;22;25,743;106;16;21;42;17;27,205;107;20;27;42;24;27,05;88;15;18;43;18;25,93;79;18;18;43;18;27,435;70;18;24;43;20;25,641;91;20;23;41;21;26,395;122;8;26;40;22;28,844;123;11;27;44;15;28,847;84;18;20;44;22;26,902;125;27;23;46;22;29,721;116;26;24;39;20;28,32;67;19;17;39;18;24,046;68;17;19;43;19;24,14;89;16;22;41;21;25,546;90;17;22;45;18;27,022;81;24;18;40;17;26,006;102;23;28;43;17;27,143;63;18;16;42;22;25,812;64;22;17;43;25;24,788;95;12;21;41;18;26,018;116;23;20;41;22;27,645;107;19;22;43;18;26,702;128;23;24;47;18;29,465;109;24;25;43;22;29,674;90;27;21;42;18;26,369
3;108;20;24;43;18;27,782;110;21;26;42;17;27,014;118;6;22;43;20;28,154;75;18;20;44;19;24,838;93;18;22;41;22;26,344;81;12;19;40;18;23,524;105;17;19;44;21;29,817;72;22;22;46;16;25,708;88;16;18;42;22;24,659;111;20;20;43;21;26,988;105;30;22;44;23;27,285;125;16;23;42;21;28,168;72;15;15;43;19;26,28;68;17;23;43;22;25,532;123;19;21;42;21;29,102;102;11;18;42;21;28,534;118;19;22;42;18;28,633;97;14;20;42;19;27,955;92;20;24;47;21;28,183;94;19;22;42;19;26,063;87;27;19;44;18;25,868;99;23;16;45;17;27,339;77;14;17;41;21;26,081;97;25;18;46;20;28,046;127;23;26;43;24;31,571;107;15;17;46;22;28,422;90;20;19;40;19;25,973;75;21;21;43;20;27,718;69;24;17;41;22;24,98;92;20;21;44;19;26,606;104;24;19;42;18;28,224;127;20;26;42;18;29,577;100;22;26;43;19;27,496;82;20;19;45;20;26,52;112;22;22;41;18;25,673;101;19;21;43;21;27,816;77;18;20;46;21;27,504;74;18;15;40;19;25,255;93;15;24;48;17;27,766;86;16;17;46;23;27,227;67;20;20;42;23;23,826;68;17;16;41;24;22,712;128;13;24;45;20;29,997;70;15;21;47;18;25,731;115;13;22;44;22;29,339;115;24;22;42;21;27,408;92;24;16;46;19;27,078;114;20;28;41;18;27,189;82;19;21;41;17;24,82;83;19;17;42;20;26,561;97;18;23;42;21;26,187;77;17;20;45;20;25,292;74;25;21;40;18;25,699;68;17;15;43;20;23,311;120;15;25;42;22;30,238;124;17;23;43;22;28,059;103;20;21;40;19;27,594;85;12;19;44;23;25,486;67;14;15;44;25;25,526;117;28;21;45;20;29,841
4;79;17;18;42;22;25,538;123;23;25;46;19;28,819;75;21;22;42;19;26,001;110;18;24;40;16;25,91;117;28;24;43;19;28,748;106;17;20;41;18;27,559;97;16;19;45;26;27,355;98;20;22;40;18;26,809;94;22;14;42;16;24,666;83;19;19;42;17;27,27;102;24;20;42;17;28,455;126;28;25;42;20;27,343;86;18;21;42;21;26,455;95;14;20;41;16;25,806;86;13;21;42;16;26,462;84;21;23;41;19;23,373;82;14;17;43;19;26,64;106;23;26;42;20;27,374;128;29;21;40;18;28,47;130;25;21;43;21;28,876;92;17;20;42;20;28,389;127;19;27;43;22;30,065;65;15;21;40;18;23,333;106;9;23;42;21;29,2;88;18;23;43;22;26,179;110;15;22;46;23;28,117;71;15;20;46;19;25,705;110;20;25;44;21;28,393;122;14;23;42;21;28,497;78;19;20;39;19;25,603;83;15;19;45;22;25,582;112;22;21;45;20;29,933;94;30;19;46;23;28,22;91;13;25;45;26;28,412;101;18;22;47;20;28,834;92;19;21;43;22;27,193;129;20;23;46;21;29,331;78;19;20;44;22;26,101;74;14;20;43;19;25,139;92;7;20;40;20;23,754;115;21;23;45;20;31,113;83;15;17;43;18;27,947;102;13;16;45;24;26,222;95;20;18;42;20;26,309;97;25;20;41;20;25,557;86;21;20;45;17;24,63;112;16;19;43;18;26,252;103;17;21;42;20;27,487;78;27;18;42;20;24,522;103;24;23;42;23;27,025;93;17;19;46;21;27,815;111;2;24;42;19;29,233;96;17;21;45;22;27,116;121;25;21;43;20;29,006;89;21;19;45;19;26,559;123;16;25;44;22;29,931;81;12;18;40;18;24,731;70;17;20;43;17;24,206;93;19;23;46;21;26,962;109;25;25;44;20;28,556
5;100;19;23;42;19;27,615;74;18;19;43;18;25,241;71;15;19;43;23;25,719;67;19;18;44;19;25,968;103;18;24;41;18;27,384;111;21;24;45;18;28,594;111;19;22;44;22;29,048;79;22;18;43;19;26,12;103;24;21;45;21;27,439;70;21;19;46;22;25,717;79;17;17;43;20;26,037;83;21;19;45;24;26,99;76;15;20;43;22;26,366;105;19;24;44;19;26,701;76;14;22;41;19;25,983;89;25;24;42;20;25,534;121;16;30;44;22;29,271;75;15;21;42;20;24,772;111;12;23;42;19;27,551;70;22;22;45;16;25,212;86;16;20;41;16;26,939;122;21;27;44;18;29,147;115;12;19;45;22;27,892;119;16;19;41;19;26,796;68;20;15;42;20;24,269;117;11;21;42;18;27,492;126;30;21;43;19;29,792;77;21;22;44;18;26,011;113;19;21;43;21;28,233;109;20;26;42;16;27,84;100;21;20;40;18;25,787;116;18;24;40;18;28,342;85;17;22;41;21;27,089;126;17;24;45;22;30,567;96;18;23;39;17;26,679;93;10;19;45;20;26,329;82;19;23;45;22;25,688;101;19;24;43;18;28,924;108;32;28;46;20;30,919;75;17;21;43;20;23,948;122;19;24;41;20;29,612;103;15;26;41;17;25,757;104;24;28;42;20;28,397;76;23;19;44;17;26,289;114;22;20;44;18;28,107;119;14;25;46;19;28,41;90;26;20;41;22;24,825;74;12;19;44;21;27,675;84;26;20;41;18;24,061;126;23;24;44;20;29,432;64;19;20;40;19;24,868;110;7;22;43;23;27,591;113;15;22;42;22;27,772;93;9;26;46;20;28,883;120;26;26;41;21;29,097;130;18;24;42;16;27,363;70;17;21;44;19;24,952;77;12;21;44;22;25,206;106;21;21;40;21;27,362;72;17;17;45;22;25,585
6;108;19;23;42;21;27,951;122;22;26;42;19;29,467;114;16;19;42;23;27,121;72;21;18;43;22;24,38;90;21;21;45;19;29,248;118;23;22;43;21;27,764;84;22;21;44;19;26,81;80;14;22;42;21;24,376;75;21;19;42;21;24,817;96;22;22;43;18;28,481;116;24;18;43;23;28,407;97;25;21;43;19;26,47;104;16;20;44;19;27,071;121;15;21;46;22;28,629;96;16;21;44;17;26,085;94;14;22;43;19;26,447;116;16;19;45;24;29,265;81;19;23;42;20;25,377;126;31;26;43;19;28,137;105;18;24;40;17;26,618;100;15;24;42;22;28,155;111;21;19;41;19;27,772;106;15;26;43;21;27,656;89;13;21;42;21;26,446;82;12;14;42;16;25,173;93;17;18;44;25;26,67;84;14;20;43;24;27,298;96;24;19;45;17;25,775;98;12;19;43;18;26,316;116;18;24;38;20;27,412;86;14;26;42;20;24,03;129;25;25;41;15;27,714;118;16;27;44;19;29,539;109;17;21;46;18;27,986;91;23;21;42;22;28,53;88;12;22;42;16;25,558;128;29;28;40;18;27,794;79;24;21;45;20;24,915;72;20;19;44;20;26,017;106;23;20;45;18;27,363;123;21;24;45;21;29,052;128;19;30;41;21;27,02;107;19;22;47;20;27,057;124;21;28;44;19;29,786;85;15;25;43;23;25,631;87;16;21;42;20;26,176;106;30;23;41;19;26,826;75;16;20;47;23;24,99;84;13;21;45;21;26,379;80;14;22;44;23;26,137;106;12;24;45;18;27,825;125;24;25;42;15;28,363;121;19;25;40;18;28,313;115;15;19;41;20;29,421;71;17;20;45;19;24,526;71;19;22;40;20;24,955;104;20;23;41;22;28,39;84;17;20;45;20;27,611;95;25;24;44;21;27,884;118;16;24;44;19;29,653
7;103;14;25;42;19;29,007;104;23;23;44;22;28,342;68;16;21;44;18;25,369;89;12;23;43;16;28,078;78;23;19;45;20;25,036;99;26;19;43;19;27,215;104;16;22;44;23;27,402;78;12;21;46;22;27,368;74;22;21;43;22;26,093;112;21;23;42;21;26,931;83;16;25;44;19;23,926;79;18;16;45;22;25,956;105;14;26;44;16;26,949;116;14;22;43;20;28,74;74;10;23;40;17;24,013;74;21;21;44;21;25,988;83;20;21;39;19;24,559;99;19;22;42;17;27,324;72;23;20;38;20;23,663;90;25;16;44;23;26,632;108;25;23;46;21;29,238;84;19;23;45;19;28,024;77;16;22;43;21;26,288;66;17;14;46;21;25,709;118;37;22;43;17;27,497;93;19;24;44;19;29,672;70;19;21;40;17;24,947;92;21;24;42;20;26,965;107;27;23;40;19;28,444;97;19;20;46;23;28,382;84;16;21;48;19;25,648;88;22;18;46;24;27,254;117;26;24;42;20;27,944;129;24;23;43;19;28,335;125;29;26;44;24;30,496;122;23;24;42;22;27,741;70;25;14;44;21;26,173;77;17;20;42;20;25,827;74;15;13;46;22;25,714;109;17;21;41;20;27,296;70;17;17;40;20;25,657;105;21;21;42;22;28,15;72;22;22;43;24;27,035;125;21;22;46;21;29,184;118;26;26;45;19;29,623;100;24;18;40;21;27,619;116;20;22;46;19;29,672;71;24;17;43;18;23,609;72;21;20;40;20;25,523;119;14;27;44;19;29,254;107;23;20;40;17;27,707;127;29;27;42;19;29,702;73;23;17;44;22;24,309;69;14;20;43;21;25,243;74;23;14;40;21;24,796;107;12;24;39;19;26,92;75;15;19;43;18;25,18;126;20;21;46;21;30,785;109;18;21;41;22;27,653;105;27;25;43;20;27,403
8;68;18;17;42;16;25,34;100;17;27;43;21;27,802;111;23;23;44;18;28,522;110;23;19;40;19;27,417;70;17;14;38;19;23,253;73;17;18;44;20;25,909;111;30;21;42;19;27,874;107;16;21;45;19;27,904;91;28;21;42;19;27,574;83;18;21;41;18;25,892;80;17;12;44;24;28,833;73;20;20;42;23;24,597;67;11;17;45;21;26,077;79;19;18;44;20;26,113;109;19;21;44;17;29,565;74;19;17;42;18;25,359;113;21;22;43;20;28,573;124;9;27;44;20;29,119;105;14;23;45;21;29,147;84;24;20;41;18;24,517;98;17;21;45;21;27,009;111;17;27;44;20;28,323;109;20;18;42;22;28,348;98;14;23;39;19;25,953;121;23;23;46;22;27,551;123;24;21;40;21;28,825;75;22;18;40;16;26,321;75;12;22;43;23;27,603;113;23;19;43;21;27,959;108;23;21;42;21;28,594;120;24;25;43;19;27,576;66;14;15;41;22;23,985;69;14;19;46;19;25,216;90;21;22;44;20;28,356;94;18;21;39;24;26,738;127;30;21;45;20;29,714;67;18;21;41;17;23,755;71;10;15;42;16;23,384;123;18;23;43;20;29,357;98;27;22;42;21;26,462;68;13;21;44;15;24,246;109;12;19;44;20;28,513;76;16;17;44;16;24,74;117;11;23;44;24;29,973;79;18;18;47;24;25,986;99;11;26;39;17;27,398;125;28;27;42;21;28,708;106;16;21;40;20;26,737;101;11;19;43;22;28,212;82;21;24;44;24;28,489;111;23;20;41;18;27,339;90;20;22;43;20;25,759;88;15;21;41;21;25,825;87;18;23;42;21;26,49;109;25;20;43;18;26,695;69;20;18;42;19;26,717;72;18;21;44;18;25,463;79;22;23;43;21;25,917;80;20;21;44;18;25,785;78;11;15;43;18;24,666
9;127;15;20;44;22;30,359;128;19;23;45;20;30,529;65;15;16;41;18;23,934;80;13;19;42;20;26,274;111;30;19;46;20;29,922;99;21;26;46;21;27,817;99;18;24;46;18;27,408;125;22;21;40;17;28,379;127;22;24;45;16;30,249;113;18;21;43;22;28,04;118;20;21;42;20;29,006;109;22;22;43;18;27,634;97;24;24;40;16;27,16;77;13;18;45;21;26,693;78;15;16;43;24;25,804;85;16;20;45;21;25,477;79;18;14;46;21;26,432;114;16;27;43;18;28,663;120;17;22;42;20;29,008;85;17;22;41;20;26,221;95;19;22;43;20;25,398;92;14;20;43;22;25,97;101;15;20;40;16;26,276;84;25;19;43;21;24,898;119;21;26;43;17;29,674;81;22;18;46;20;26,87;116;22;18;41;23;27,593;118;23;21;43;22;28,301;100;15;24;41;23;28,501;106;16;18;45;20;28,01;88;24;17;45;23;26,803;86;22;20;44;18;25,761;84;13;20;45;20;26,877;115;28;23;47;23;30,058;127;15;19;42;21;28,508;97;21;21;46;23;27,955;96;8;23;45;21;26,918;116;14;21;45;19;29,371;84;13;22;42;24;24,13;95;12;20;44;18;25,644;87;21;20;41;23;24,874;65;15;16;43;21;25,513;83;14;20;44;21;24,408;86;24;25;41;16;27,248;106;7;26;46;23;28,272;122;16;25;44;20;29,055;69;12;17;41;20;25,991;107;22;25;41;18;27,516;92;19;24;45;19;26,256;79;23;17;43;16;24,921;69;23;21;40;21;24,773;108;17;20;44;21;26,864;102;25;19;42;16;27,14;120;16;23;40;21;28,014;95;17;24;44;19;26,365;83;25;19;43;22;24,957;85;24;20;41;18;24,277;124;22;25;41;21;27,822;115;26;24;45;21;29,519;118;15;28;46;22;28,179
10;123;6;23;43;19;30,593;75;18;19;45;20;24,854;79;18;17;42;21;24,488;84;15;20;44;22;27,471;119;26;24;45;22;27,962;101;7;20;41;16;25,627;71;12;15;43;20;23,093;72;9;14;45;18;26,66;112;17;24;45;20;28,981;96;23;22;43;19;27,889;117;23;23;41;20;28,401;89;7;25;44;21;25,268;80;17;20;42;21;25,05;89;21;21;42;17;26,137;119;22;24;44;21;30,694;122;21;20;45;22;26,723;110;16;22;42;21;27,7;122;17;23;41;19;28,145;110;31;24;46;17;28,91;93;14;24;44;21;27,014;113;14;20;42;22;27,969;92;23;20;43;21;25,681;88;8;19;43;24;27,034;99;19;21;42;20;26,305;80;20;20;41;23;26,241;114;16;22;45;20;30,313;77;13;21;45;22;26,956;128;24;27;45;21;29,502;112;16;27;43;21;28,591;68;4;12;45;22;23,818;121;21;21;40;19;28,923;112;25;26;41;18;27,142;94;19;20;42;19;24,86;68;12;21;44;19;24,494;85;30;22;45;19;27,952;91;16;20;43;17;27,418;106;15;23;44;22;27,123;86;19;21;40;20;26,588;100;27;23;40;19;28,301;95;16;18;41;19;26,769;89;20;24;42;21;28,156;95;20;25;42;22;25,519;74;27;22;45;22;25,841;87;25;19;43;20;25,949;83;12;16;42;17;24,99;74;18;19;47;23;26,029;87;30;20;43;23;26,421;124;22;27;44;20;29,901;85;18;21;43;17;25,71;118;24;25;41;19;27,163;80;20;18;46;22;27,241;101;17;23;45;17;25,999;99;15;21;42;22;26,75;97;13;21;46;26;28,004;122;21;25;42;19;29,403;83;8;17;45;21;27,13;109;17;25;46;22;27,797;97;13;26;42;17;26,705;69;18;22;43;23;26,24;102;22;25;43;18;26,465
11;112;16;26;43;20;27,05;123;15;25;43;20;30,662;92;22;24;41;23;25,685;99;20;20;42;19;27,663;104;21;17;40;18;26,892;104;33;24;45;20;28,192;82;25;17;40;19;23,884;94;19;20;46;16;27,879;81;28;17;39;20;26,516;73;29;21;43;19;26,314;90;12;19;46;19;28,389;100;30;24;41;18;26,071;79;24;18;42;16;25,42;76;11;18;42;21;25,394;113;16;20;42;23;28,558;126;18;23;42;17;29,614;105;29;23;44;20;29,943;73;18;17;40;21;24,383;112;25;23;47;17;28,021;111;16;22;43;20;26,2;65;20;16;43;22;25,294;125;25;22;43;18;28,256;117;25;22;42;23;28,198;91;21;24;45;20;28,832;93;15;20;43;18;28,04;114;36;22;46;22;31,465;81;23;21;41;19;24,29;104;23;23;46;20;29,113;88;19;22;44;21;27,264;112;15;23;43;20;29,194;74;17;18;44;22;26,084;98;21;19;43;23;27,74;121;24;26;41;22;28,586;69;13;15;41;21;25,143;78;27;23;41;19;26,009;94;21;21;40;20;27,138;115;18;25;39;19;27,481;98;22;17;43;21;27,569;86;20;22;44;25;24,625;95;20;19;42;22;27,192;105;14;26;41;14;27,196;128;18;24;42;20;29,321;82;18;19;43;22;25,237;115;22;23;40;21;28,662;104;16;17;45;17;29,064;99;21;25;43;20;26,406;81;13;21;42;19;24,065;111;16;24;42;21;29,684;88;15;20;41;24;26,169;99;29;19;44;19;25,128;115;13;23;41;20;27,946;119;19;26;46;18;30,343;120;16;23;43;22;29,573;84;17;19;43;20;26,886;100;21;24;44;23;28,286;100;11;20;41;17;26,816;115;16;23;45;23;29,151;78;20;21;46;17;24,914;87;18;19;43;19;27,131;106;19;23;41;18;26,933
12;79;17;23;43;25;26,889;98;7;26;42;20;27,51;97;10;16;41;21;25,86;96;29;23;44;20;27,971;78;12;21;42;20;25,706;128;17;23;45;17;30,054;78;20;13;40;20;25,702;75;14;23;43;22;24,746;72;18;19;39;20;24,74;98;21;19;43;18;27,991;117;26;20;41;21;28,803;98;10;23;40;23;26,674;107;8;19;45;21;27,08;107;14;27;45;23;26,054;112;18;18;40;21;28,757;112;17;21;45;20;28,514;109;15;22;45;17;27,169;85;19;25;43;17;25,177;67;22;18;40;18;24,185;127;24;24;40;22;29,819;91;21;22;41;23;25,689;109;15;23;43;23;27,528;82;29;19;44;23;25,4;126;15;27;45;20;28,708;97;27;25;40;18;27,908;121;23;23;42;22;29,619;77;20;19;44;18;24,449;129;21;28;46;23;28,043;100;35;19;40;21;26,026;88;17;24;43;22;25,628;126;17;24;42;22;28,688;95;24;20;47;18;26,887;82;14;19;45;21;25,319;104;17;20;46;19;29,11;75;19;23;42;17;24,506;97;29;23;44;19;26,843;125;26;24;40;20;26,457;72;19;17;47;21;25,772;126;26;24;45;21;28,639;102;13;31;44;23;28,996;82;16;16;46;20;26,765;89;18;18;46;17;26,26;91;17;21;41;18;24,952;109;23;24;44;19;27,917;93;15;21;45;20;27,934;99;20;23;41;21;26,933;108;20;23;45;20;29,017;102;9;25;42;20;25,808;117;3;26;42;21;27,207;96;19;24;46;19;29,092;96;24;19;42;22;28,765;86;16;21;40;22;24,471;106;17;27;39;21;27,874;104;30;25;40;19;26,675;87;24;26;40;18;26,384;96;27;21;44;20;24,577;71;16;18;41;22;26,101;72;20;18;42;20;24,012;128;30;24;45;23;30,171;67;3;17;42;18;23,416
13;79;11;19;44;20;25,443;116;23;20;44;19;28,984;66;23;14;42;20;27,466;118;20;25;45;19;27,609;109;29;25;42;21;28,628;120;16;26;43;19;26,31;73;6;14;44;21;25,703;113;9;24;46;22;28,737;128;11;25;41;18;29,941;126;28;24;42;22;28,821;89;24;22;41;21;25,544;73;16;18;43;20;25,276;119;12;21;39;20;29,423;88;23;22;40;18;25,288;104;23;25;47;20;27,856;80;12;22;45;17;26,985;113;19;23;46;18;29,054;124;24;28;43;20;29,675;91;23;23;43;20;25,814;101;24;21;41;19;26,129;78;16;21;40;23;24,807;83;25;22;42;17;24,803;66;17;15;45;19;24,777;102;20;21;41;19;27,414;71;25;19;44;20;26,142;72;10;18;45;19;24,257;77;23;21;40;19;27,233;77;17;17;45;20;26,504;87;10;21;45;22;26,704;98;18;19;43;19;27,331;83;11;18;43;19;25,443;68;20;19;41;19;25,075;121;21;22;43;21;30,122;117;12;21;44;19;28,689;122;24;23;41;21;28,213;80;15;24;40;18;24,776;107;33;22;45;20;29,877;63;14;14;43;19;24,171;83;14;19;42;21;26,317;83;8;23;46;22;27,35;93;19;21;44;19;26,816;80;26;22;43;21;26,157;97;18;23;42;20;27,616;66;21;17;44;22;24,199;113;22;21;40;20;28,988;107;13;24;44;21;27,701;111;23;21;44;21;29,913;106;26;24;46;18;26,497;90;16;20;45;23;26,281;105;18;23;45;23;26,958;119;24;28;45;22;29,232;79;13;20;41;19;26,751;103;19;20;41;22;28,119;86;13;20;46;19;26,681;102;24;20;41;24;27,88;96;15;22;42;23;27,3;97;22;27;46;18;26,617;103;18;22;41;17;27,225;72;20;18;42;21;24,813;109;26;20;42;18;27,782
14;120;25;22;40;16;27,613;125;25;21;46;20;31,081;127;15;21;43;17;30,946;106;17;28;47;18;27,972;91;17;19;44;22;26,927;93;26;21;42;21;25,99;77;19;17;43;18;27,01;68;18;21;41;21;24,488;77;24;18;44;21;24,617;82;11;21;44;18;25,338;88;29;16;44;21;26,444;94;8;23;46;20;26,543;69;15;21;44;23;27,675;81;25;27;42;21;25,229;81;20;20;41;18;25,184;109;20;21;39;15;27,245;128;18;24;42;22;28,632;69;18;18;45;20;26,85;103;25;23;40;17;26,626;104;20;19;46;18;29,809;112;17;20;42;21;27,663;89;14;14;40;19;25,205;109;20;23;41;22;27,967;98;20;23;43;18;29,066;91;13;19;43;20;27,982;73;9;18;41;20;25,544;85;25;19;44;19;24,949;111;24;23;42;19;29,27;71;20;16;44;22;24,497;68;23;16;44;20;25,224;116;23;21;44;20;28,768;69;18;22;42;21;25,342;77;26;19;44;17;25,778;75;15;15;43;19;25,59;70;17;22;42;18;24,921;127;16;25;41;23;28,591;126;31;27;43;25;29,709;68;19;21;44;22;26,297;86;18;18;40;20;26,314;118;14;25;42;23;27,287;124;22;28;40;23;27,768;70;24;19;38;20;24,613;85;15;24;43;20;25,59;107;15;20;45;24;28,815;124;19;22;40;19;28,758;102;25;23;42;25;27,976;110;20;20;45;23;29,514;100;21;21;42;19;26,408;87;22;14;45;19;26,817;92;18;20;44;18;26,839;86;15;24;40;20;26,589;73;12;20;44;21;25,462;91;20;22;43;24;28,389;70;19;22;44;20;22,991;88;27;25;45;18;26,604;68;16;20;44;22;25,366;72;14;15;44;19;25,859;85;24;18;40;19;24,529;118;11;25;44;22;28,759;103;15;21;46;20;28,664
15;87;29;22;41;19;27,462;99;16;21;41;17;28,006;69;23;19;41;21;24,196;79;22;23;41;22;24,989;78;29;19;43;20;25,736;65;13;17;45;17;25,928;67;14;17;41;19;24,378;108;16;23;42;18;27,039;128;22;25;45;19;29,467;107;9;25;47;16;26,853;71;25;18;42;21;25,051;69;24;22;45;19;25,488;117;15;22;45;23;29,56;69;22;22;43;21;25,057;90;17;21;46;22;27,659;118;17;27;42;19;28,765;91;26;18;42;19;25,857;91;15;19;40;21;25,499;122;22;24;44;18;28,729;117;15;25;43;24;29,078;115;15;26;43;22;30,392;80;19;20;45;22;27,841;105;20;22;43;22;28,24;127;14;22;41;22;28,074;126;18;27;41;20;27,644;74;12;14;44;19;25,055;100;24;23;41;17;27,57;123;20;19;47;21;28,7;111;15;24;41;23;27,566;100;15;21;40;17;27,987;111;29;21;41;17;27,515;95;22;18;43;18;26,53;74;19;20;42;18;23,209;104;12;25;42;23;26,999;102;26;22;44;20;25,264;93;19;21;41;18;27,485;98;23;22;45;19;27,644;121;23;23;45;16;29,405;81;14;20;46;24;24,909;111;17;26;44;21;28,285;85;12;19;45;19;27,055;90;17;18;40;19;25,607;77;21;18;44;19;25,264;94;23;18;42;18;25,985;65;14;14;42;18;24,933;73;19;19;44;18;26,293;69;14;18;41;21;24,657;85;21;20;41;21;26,438;87;19;25;42;20;26,281;113;17;24;43;19;30,052;93;14;17;45;18;26,694;94;18;21;44;22;26,466;93;20;25;42;20;25,863;100;16;18;42;22;25,209;98;16;19;44;20;26,396;68;18;14;44;20;23,001;90;17;22;42;18;27,324;87;20;23;44;22;28,157;89;14;19;41;21;26,355;76;9;19;41;24;24,669
16;66;14;17;44;19;23,743;126;29;25;43;21;31,288;93;20;26;42;21;24,351;120;20;21;43;21;29,244;97;35;22;40;19;25,827;101;15;24;40;17;26,291;127;20;21;45;17;28,327;97;23;20;43;19;26,603;67;15;19;42;20;25,227;102;20;19;42;20;26,229;69;14;18;44;20;25,443;80;20;20;46;18;26,68;100;16;23;44;21;27,503;86;18;16;39;18;24,416;112;23;27;43;23;27,829;82;11;21;41;19;24,987;72;14;18;42;21;23,363;93;13;19;44;18;25,636;119;27;21;43;22;27,258;111;11;20;46;22;29,134;108;21;21;41;20;29,528;105;20;23;42;20;27,459;113;18;21;44;21;28,319;82;13;17;43;20;25,931;79;22;18;44;20;26,208;74;27;15;39;19;26,076;75;14;16;44;17;23,864;94;22;21;40;19;25,641;121;26;28;41;19;28,898;106;24;25;44;18;27,107;107;14;22;46;20;28,75;113;17;21;45;18;29,424;76;23;18;44;24;28,623;110;24;29;43;21;26,05;67;9;19;42;21;26,504;97;18;21;44;19;28,138;87;12;16;42;15;24,806;77;12;23;45;21;24,613;67;16;18;42;18;25,65;107;16;26;44;17;26,694;127;32;23;40;19;29,559;110;21;21;40;21;28,831;127;18;27;46;19;28,079;120;18;23;41;19;27,902;77;20;22;45;19;26,152;128;15;27;47;23;30,493;110;17;24;42;20;26,329;80;25;12;45;19;24,799;93;16;20;41;16;25,929;67;12;15;44;21;25,89;78;14;20;43;21;25,399;110;21;27;41;18;28,896;66;6;14;44;17;24,425;117;19;23;44;20;28,855;103;20;19;45;23;27,981;84;18;23;41;21;24,681;93;12;22;41;17;26,531;110;26;20;42;18;27,62;69;8;21;45;23;23,624;102;17;19;42;20;28,748
17;68;17;14;38;19;23,041;126;16;28;45;23;31,248;112;11;24;40;20;27,678;69;13;24;40;21;22,922;125;19;29;44;18;29,57;67;17;13;42;20;24,304;73;16;21;44;19;25,357;99;15;21;45;21;27,64;84;25;20;44;17;25,013;72;9;19;44;20;27,126;91;18;19;44;20;27,397;96;20;21;43;15;26,515;68;14;20;44;16;23,707;97;31;18;42;20;26,209;71;10;20;42;20;24,755;92;18;23;42;23;26,512;116;19;21;44;21;29,01;72;18;21;43;19;24,673;117;23;26;45;19;28,371;103;23;21;39;17;26,372;93;13;25;43;20;28,612;69;12;21;39;21;26,878;68;10;15;44;19;25,633;78;24;20;47;20;25,998;95;22;24;41;19;24,599;66;19;21;41;16;26,108;121;23;25;40;22;27,089;90;16;23;45;22;28,515;127;23;23;40;23;28,633;116;29;24;44;22;31,423;104;17;21;42;17;27,439;83;30;21;46;21;26,075;93;21;23;44;19;26,826;89;18;22;44;20;29,106;79;8;19;45;17;25,787;75;17;20;41;24;25,132;85;20;19;43;19;26,568;84;20;19;46;17;25,071;83;19;20;43;21;28,235;72;16;20;45;20;25,783;110;18;20;47;21;28,883;119;24;28;43;21;29,293;87;25;24;43;17;26,217;78;18;16;40;20;24,471;80;13;17;43;19;26,301;74;20;20;44;23;27,669;68;15;21;43;16;24,642;99;19;20;40;18;27,307;86;23;18;44;21;29,972;110;14;22;42;22;28,3;117;18;21;46;21;26,629;68;18;16;42;25;25,247;67;19;21;44;20;25,447;80;18;19;47;21;26,783;70;13;19;42;20;25,345;124;17;20;41;19;29,449;96;17;21;41;19;26,426;75;26;12;39;18;23,391;110;20;23;43;19;27,833;74;18;22;38;20;22,244
18;73;20;20;42;20;24,95;109;16;26;42;19;25,219;74;17;17;41;17;26,437;127;16;24;44;18;27,702;119;24;20;44;19;29,931;77;14;21;42;20;26,481;83;16;20;43;20;27,138;87;11;24;47;22;27,25;119;11;23;47;21;29,216;116;30;27;43;20;28,239;72;18;21;41;22;23,922;102;26;22;44;22;27,024;88;12;16;44;20;26,818;73;10;21;40;19;25,11;72;15;15;45;19;24,673;98;19;21;41;18;26,464;124;16;25;44;19;29,963;109;21;28;45;23;26,299;70;17;16;43;19;25,602;79;18;19;45;19;27,517;86;17;22;42;21;26,177;93;23;21;44;21;26,636;93;18;20;39;22;27,166;82;16;20;44;22;28,675;67;19;19;43;18;22,738;66;20;21;39;21;23,514;78;23;18;42;19;23,772;79;15;16;43;20;24,768;79;23;24;45;23;27,847;81;21;20;42;17;24,274;80;19;15;45;20;25,589;65;19;18;45;22;24,936;81;18;22;42;22;23,541;86;20;21;40;24;24,542;70;14;20;42;18;25,531;74;21;18;44;20;26,879;126;17;23;44;21;28,912;119;15;24;44;23;30,543;116;24;25;44;21;28,05;126;20;27;43;20;29,057;86;25;21;42;19;27,417;113;21;24;41;17;29,507;118;20;25;43;19;28,287;129;22;26;42;20;29,28;83;26;18;42;17;24,691;71;21;19;45;21;25,675;125;24;25;42;17;27,952;76;16;21;43;15;24,79;75;13;17;41;19;24,41;114;17;25;46;19;29,086;67;19;20;43;20;25,965;103;17;21;44;19;28,191;97;23;22;44;21;26,632;95;20;21;44;18;27,353;70;19;13;43;19;25,234;108;22;19;44;23;27,296;93;9;22;45;17;26,468;109;14;24;41;21;26,679;122;16;21;43;17;26,692;119;26;20;45;21;28,801
19;71;27;18;44;20;23,973;89;18;21;43;16;28,044;82;14;22;41;18;24,632;76;27;22;42;21;25,627;107;24;22;41;23;27,921;124;27;27;46;21;30,299;86;20;18;41;17;24,699;110;18;21;40;19;29,853;94;22;23;41;20;25,687;103;19;24;43;22;26,654;75;15;19;42;21;28,277;82;20;25;46;21;25,337;111;24;20;43;23;27,519;105;23;24;43;21;28,759;71;15;17;44;18;24,168;93;25;22;44;20;28,681;87;15;17;39;19;25,677;113;19;29;42;22;27,956;89;20;25;44;25;26,035;68;17;16;41;17;24,229;87;26;15;41;19;25,796;82;14;21;39;20;25,812;112;23;21;43;21;30,269;71;11;13;41;18;24,704;125;25;24;43;19;29,735;113;19;26;44;19;29,835;104;15;20;42;17;27,538;101;19;26;41;20;28,106;129;19;22;41;15;26,39;119;21;25;42;18;25,97;70;9;23;42;20;23,939;84;19;20;43;19;27,419;106;24;23;40;19;27,654;77;21;23;44;20;23,241;91;19;22;44;21;27,249;90;4;18;41;23;25,997;118;14;25;43;21;29,819;111;16;26;45;22;27,004;92;10;21;42;21;25,954;86;15;23;41;18;26,034;103;16;28;44;22;28,56;77;11;18;47;20;25,36;87;22;16;39;23;26,227;102;15;23;46;19;28,03;104;18;22;41;18;27,796;105;14;18;44;19;27,296;121;16;21;40;17;28,791;76;11;18;42;18;24,268;118;30;24;41;20;28,531;120;20;26;45;22;30,079;82;21;20;40;20;25,02;115;19;21;45;17;27,51;86;9;23;44;21;24,974;97;23;26;41;21;24,492;67;15;17;42;21;24,893;71;19;18;42;22;22,723;113;11;25;42;18;27,511;85;22;18;41;21;25,474;87;12;20;40;18;25,187;113;25;23;44;20;28,187
20;104;15;29;40;19;25,898;118;28;22;42;21;26,14;107;14;22;47;22;28,335;93;20;20;45;18;26,926;124;23;26;42;21;29,89;94;25;24;42;22;25,852;101;17;24;46;22;29,167;75;19;22;45;24;25,83;116;14;25;42;21;28,272;71;26;16;44;21;25,805;111;18;22;44;22;29,686;91;12;18;45;23;24,591;125;21;27;41;20;28,206;117;17;22;44;19;28,683;119;20;24;44;18;29,224;117;17;23;41;22;29,153;66;16;15;46;22;25,806;89;26;21;43;21;26,855;70;19;17;42;21;23,378;127;16;23;45;20;31,522;74;16;19;45;18;26,52;127;11;23;45;20;29,069;124;18;22;41;20;27,232;105;15;23;43;20;27,391;84;20;20;42;19;25,919;80;16;19;42;18;26,662;85;13;18;43;19;26,43;84;26;21;41;20;26,217;90;11;20;46;22;27,89;86;20;21;43;23;23,361;87;15;19;39;20;25,598;95;12;27;41;19;29,196;68;20;18;43;20;25,601;108;8;24;43;19;28,584;101;21;24;41;14;26,513;118;18;27;44;21;29,099;102;12;23;46;22;28,645;98;22;18;45;22;28,664;124;10;30;42;20;27,518;126;26;27;42;17;27,935;79;22;20;43;20;26,249;66;13;22;42;18;24,247;121;14;25;41;17;30,179;67;20;16;44;20;25,674;91;21;19;41;21;25,302;103;21;22;43;19;26,716;86;23;26;46;23;26,628;128;24;22;41;20;27,512;120;23;23;39;20;28,764;93;16;25;40;22;27,55;98;11;18;42;18;26,635;83;18;23;42;23;27,128;85;6;21;42;22;26,01;88;25;19;43;21;25,002;126;27;20;41;17;28,644;115;26;23;41;23;28,329;95;23;19;45;18;26,407;123;22;22;45;16;28,501;86;25;21;43;22;26,85;121;23;23;44;19;28,166
21;94;29;24;44;19;28,339;107;21;20;39;18;26,733;97;14;21;45;18;27,313;103;12;24;42;21;28,296;106;8;21;40;18;28,919;77;22;17;42;20;25,244;103;25;20;42;19;27,553;124;18;19;39;22;27,732;112;24;18;42;20;26,783;123;27;24;43;15;28,669;77;16;19;46;20;24,677;118;23;24;42;20;27,884;75;11;17;44;21;24,861;115;19;26;43;19;26,325;74;18;20;45;23;26,285;102;14;27;41;20;27,253;111;23;20;42;19;26,231;110;20;20;46;18;29,688;88;19;21;44;16;28,393;95;19;17;41;23;25,556;85;22;23;43;21;28,24;84;16;20;42;24;26,109;116;23;22;42;20;28,563;101;23;22;42;18;28,028;76;20;18;47;17;25,422;109;24;24;44;20;28,382;92;28;19;45;20;28,983;83;16;15;43;24;23,745;66;20;21;44;23;25,331;105;26;20;42;18;26,461;117;12;19;44;21;29,63;91;16;22;41;24;26,231;74;16;16;45;17;26,594;98;23;22;44;22;28,162;68;25;18;43;21;24,878;113;10;25;44;18;29,727;115;4;21;44;18;29,629;127;20;26;43;19;30,768;81;20;18;41;22;25,855;71;23;21;44;18;23,306;88;29;24;40;17;27,757;102;10;24;46;19;26,289;107;11;21;46;18;27,277;93;16;23;47;20;28,369;88;23;17;42;21;25,469;107;25;21;42;19;28,361;90;20;27;41;22;24,988;118;18;25;43;23;29,077;126;21;24;42;15;30,51;122;18;26;41;21;27,644;124;20;19;46;18;29,88;77;13;23;41;23;25,816;85;9;19;43;20;26,83;83;14;17;41;17;26,831;102;15;18;41;16;25,773;105;19;24;43;19;28,512;74;26;21;43;22;27,117;71;23;20;44;21;25,011;83;13;25;45;21;26,191;100;24;19;40;19;26,234
22;76;18;14;43;15;26,42;68;21;14;40;19;24,364;83;23;21;42;20;27,183;72;23;19;40;20;25,898;80;20;21;45;16;26,676;69;17;19;43;21;26,893;70;19;17;45;22;26,356;108;21;25;45;19;29,748;78;13;18;41;20;25,159;81;18;21;44;20;27,033;72;18;17;47;21;25,861;126;19;22;43;19;29,344;125;30;27;43;21;27,652;79;15;18;41;23;25,269;68;21;21;41;18;24,077;119;21;26;42;19;29,74;105;21;23;44;19;27,368;88;19;20;42;18;26,098;71;12;17;45;19;25,405;94;15;22;41;19;26,065;78;11;19;45;19;25,015;80;17;21;42;16;24,393;90;12;19;44;17;27,537;86;21;23;42;19;24,571;100;24;22;41;21;28,713;82;16;23;44;19;27,048;94;28;19;47;24;29,5;109;18;22;44;20;29,088;113;22;24;44;19;28,706;101;26;26;42;20;27,721;123;18;25;41;20;30,368;87;16;18;46;19;26,834;100;23;18;43;18;27,54;129;24;25;45;22;30,6;84;24;19;44;15;25,767;68;9;15;41;18;25,288;112;24;25;47;22;29,516;110;17;24;50;19;28,221;106;29;18;44;18;27,295;110;13;24;42;22;27,961;91;10;22;45;18;27,963;71;14;17;45;24;23,619;106;14;21;45;22;28,456;72;18;17;43;18;25,47;97;22;25;45;21;29,992;89;19;20;47;20;26,63;75;24;20;44;22;25,054;71;10;21;41;21;24,98;70;18;22;43;20;26,309;113;21;21;42;20;26,487;107;14;20;44;20;27,316;75;17;16;47;21;25,173;118;12;22;41;18;28,302;92;15;17;42;22;26,915;70;14;21;47;23;25,845;114;23;23;45;23;30,238;74;21;17;44;20;25,142;121;19;25;46;17;30,814;112;24;27;43;20;27,581;99;23;21;43;21;27,057
23;100;18;21;42;20;26,037;110;17;28;45;23;28,019;75;17;19;44;22;25,784;101;23;21;43;21;28,139;108;24;23;39;19;28,944;123;17;23;42;17;27,721;97;14;22;44;16;29,08;109;23;26;40;23;29,476;74;14;11;44;21;24,793;67;23;16;40;17;23,739;77;20;22;40;22;23,942;113;11;21;44;19;29,314;83;13;22;41;21;26,508;96;25;21;48;16;25,569;123;18;21;43;20;29,141;113;19;21;43;18;28,392;68;13;15;44;21;24,519;113;20;24;43;18;27,373;109;12;18;41;24;29,2;82;12;18;41;18;27,211;112;12;23;44;24;26,688;81;17;24;42;17;26,153;116;22;27;39;22;27,994;65;17;16;42;18;24,899;97;23;19;44;20;27,294;69;19;16;45;20;26,533;95;9;20;41;22;26,364;118;19;25;41;19;30,188;101;23;21;45;20;29,406;103;22;23;44;23;27,983;73;28;20;40;20;25,499;107;11;24;47;19;26,706;88;16;23;40;21;25,277;108;22;24;41;15;29,62;79;18;18;45;21;26,061;121;34;23;46;20;29,639;86;24;21;45;20;27,652;101;11;24;40;23;26,306;121;16;24;43;19;27,951;108;20;20;42;18;28,087;118;17;26;40;16;29,453;74;20;21;40;19;24,837;104;17;19;42;20;27,732;79;23;18;45;22;26,271;98;16;27;43;24;28,724;120;24;27;42;21;29,234;102;22;24;44;18;27,756;85;15;21;43;24;25,982;105;26;23;41;22;28,629;109;17;23;41;21;28,192;117;24;23;44;23;28,003;69;28;19;42;21;24,973;121;24;23;43;22;27,952;106;12;25;44;18;28,691;126;24;21;42;18;28,049;80;23;25;45;19;26,896;81;20;17;42;22;24,756;68;12;19;43;21;26,085;122;25;23;44;21;29,1;119;27;23;46;25;29,472
24;69;14;17;44;20;25,523;102;11;22;43;22;26,282;113;27;19;42;18;27,104;74;21;23;42;22;25,794;85;14;15;40;22;26,388;122;19;26;41;19;28,537;113;15;27;44;21;27,564;102;22;19;46;19;28,179;97;18;19;42;18;25,913;86;21;22;46;23;26,674;88;14;20;43;17;25,098;98;18;19;44;20;26,908;84;17;24;42;20;25,932;107;1;25;43;20;29,169;85;14;20;42;22;26,191;71;19;19;42;16;24,992;119;19;21;44;18;27,327;121;20;23;42;20;26,935;115;21;26;41;19;29,149;127;16;22;44;22;30,405;96;22;22;45;18;26,395;68;8;19;42;22;24,931;93;18;21;43;21;25,981;125;17;25;45;19;30,911;110;17;23;45;20;28,078;110;11;27;43;17;27,46;92;19;20;43;18;27,41;108;18;20;40;21;26,699;79;23;16;43;18;25,322;121;21;22;42;24;30,866;81;18;18;42;16;25,209;67;13;19;40;20;24,582;100;19;20;42;21;26,83;111;20;27;45;19;26,393;82;21;21;44;15;26,15;124;19;26;45;19;30,143;122;17;26;47;20;29,556;105;16;23;40;19;28,676;82;14;21;41;19;26,675;88;18;21;47;26;27,776;69;25;20;47;17;26,67;108;14;26;44;23;25,152;67;20;21;46;20;24,925;68;20;17;43;23;25,467;122;30;22;41;21;27,378;120;24;28;43;18;27,542;114;17;23;43;21;27,077;102;15;26;44;17;26,28;82;20;20;42;20;25,54;75;5;17;41;20;24,844;73;28;19;46;21;26,071;95;18;23;42;20;26,414;78;23;18;44;18;26,349;92;18;21;44;22;26,348;88;19;20;43;22;26,63;70;18;19;42;25;26,159;73;15;16;44;22;26,368;76;23;19;42;18;26,153;78;1;19;43;17;25,266;112;24;24;42;20;28,124
25;75;17;19;44;22;26,54;106;31;21;45;19;29,576;91;21;21;41;20;26,285;69;19;18;39;18;23,949;100;15;22;43;20;26,923;122;20;22;45;23;26,311;87;13;21;45;22;26,667;98;18;21;44;20;25,995;74;13;14;44;18;25,089;73;5;23;39;19;25,975;89;14;22;44;20;28,584;99;25;24;40;22;27,502;93;15;25;41;19;26,127;111;16;24;43;20;27,923;80;18;21;42;20;24,991;99;22;20;43;24;28,154;112;22;23;41;18;28,542;88;15;23;45;22;26,235;105;13;24;45;21;26,415;109;13;22;44;18;29,369;107;24;23;45;20;29,217;118;28;22;45;21;30,672;93;12;23;42;23;25,135;121;19;25;40;17;29,496;79;17;22;41;22;26,349;80;18;21;46;20;26,584;125;19;22;40;18;28,732;80;16;16;47;18;26,336;115;26;23;41;20;27,04;75;13;17;38;19;25,195;99;27;24;44;18;27,049;96;9;21;39;17;26,58;130;25;23;43;20;30,423;119;15;22;42;17;28,006;127;22;24;42;22;28,525;69;15;17;41;22;24,497;81;19;17;43;19;26,13;116;20;21;41;17;28,648;92;21;17;44;22;25,806;110;24;24;45;19;28,514;75;14;20;42;21;25,486;123;12;21;45;20;30,006;112;10;24;41;17;29,244;88;30;23;42;16;25,314;78;16;20;42;18;24,067;105;14;24;44;19;27,221;74;11;17;43;19;22,859;79;12;20;41;23;24,638;99;22;17;45;23;27,944;76;24;18;40;21;25,46;73;12;17;41;20;25,805;104;19;23;41;18;27,195;103;19;23;41;22;26,735;113;23;23;44;19;28,184;79;12;18;47;22;26,542;85;21;23;42;17;24,404;127;21;23;43;19;26,806;73;11;16;42;19;25,791;87;19;20;42;21;25,994;110;23;24;41;20;28,386
26;109;15;23;40;20;28,426;102;27;23;45;20;27,062;76;23;21;45;22;25,265;81;15;19;42;19;25,151;69;15;22;44;23;25,019;95;17;21;42;19;27,203;107;10;26;45;19;26,492;92;20;20;41;23;26,166;100;21;23;45;17;29,027;114;22;25;45;17;29,099;118;20;21;42;24;29,406;72;24;22;43;17;26,441;70;17;22;44;20;25,478;76;10;17;44;18;26,221;127;22;21;41;22;28,364;121;16;22;42;20;26,836;78;15;18;43;20;25,721;68;17;18;43;20;24,076;76;12;23;43;20;25,169;76;16;17;42;21;26,117;95;13;28;45;22;28,675;75;22;18;45;16;26,459;125;23;20;44;21;29,632;117;19;25;45;21;29,627;105;17;24;46;20;26,259;89;19;21;45;21;25,435;90;14;22;44;20;25,521;107;30;25;44;20;28,609;82;18;22;44;21;24,747;123;24;24;41;21;28,123;103;21;22;41;19;28,065;79;17;20;40;17;25,373;69;19;18;41;18;22,557;124;18;25;43;20;28,581;104;24;23;42;17;29,941;102;18;22;45;18;28,44;110;21;22;44;18;28,689;74;24;19;43;18;23,799;102;15;23;45;24;26,733;72;18;15;40;21;25,633;105;26;18;46;22;27,163;73;19;17;42;19;26,265;94;15;18;42;23;26,958;110;23;25;41;17;27,474;99;23;21;43;19;26,217;89;11;19;41;19;26,613;91;15;19;39;20;27,021;121;17;21;44;16;27,358;85;11;26;45;18;27,703;78;17;17;41;22;25,407;124;14;23;45;20;29,753;100;14;23;43;21;27,962;117;15;27;40;21;28,228;96;27;18;42;22;27,262;71;11;20;42;20;26,578;128;23;26;46;16;30,471;88;16;22;41;20;27,325;98;20;17;44;19;26,923;126;19;23;40;22;30,099;115;14;29;42;21;26,874
27;88;12;19;42;18;27,23;115;25;21;40;18;27,556;125;15;22;44;22;31,966;125;20;20;42;20;27,613;117;27;21;43;18;29,052;81;18;17;44;20;25,925;118;26;22;45;21;29,12;69;22;14;45;21;23,745;74;18;18;45;21;25,65;67;16;18;42;17;25,924;117;26;25;43;21;29,246;101;22;21;43;19;27,004;101;17;17;40;22;27,992;73;13;20;46;18;25,37;117;18;22;40;20;28,781;69;23;19;45;19;25,641;77;16;20;43;18;26,2;94;17;21;43;19;29,396;114;20;26;42;18;28,848;103;26;24;40;19;29,177;109;23;23;44;20;28,337;70;10;16;39;21;24,671;103;28;19;41;21;25,365;70;14;16;45;19;24,084;114;19;21;43;21;27,223;92;26;19;44;19;26,693;80;25;16;41;18;24,84;94;9;20;43;20;27,735;114;18;25;43;19;27,979;96;12;25;43;18;27,274;96;17;25;45;23;30,299;107;21;26;41;18;26,397;99;23;24;42;17;28,341;74;16;19;44;20;23,844;89;22;17;45;17;27,233;94;18;17;44;24;25,236;126;25;21;40;19;27,866;86;18;19;45;22;26,269;70;20;24;46;20;26,31;82;18;20;40;21;24,1;67;25;20;43;21;25,371;99;20;21;42;18;28,518;99;25;21;43;18;26,12;104;14;19;44;19;28,54;102;27;23;42;17;27,411;122;15;23;42;24;28,916;106;25;22;43;20;27,161;72;18;21;40;20;26,315;127;19;23;43;18;30,597;90;17;22;44;22;26,079;97;15;20;44;21;26,594;68;22;19;44;21;24,599;84;15;15;43;19;27,262;105;24;24;41;25;28,105;126;21;22;43;16;28,394;116;17;22;45;22;29,582;74;17;18;44;23;25,412;80;18;18;42;24;26,236;92;15;23;39;19;25,873;82;15;20;43;19;26,886
28;69;16;14;41;16;23,967;81;22;17;45;18;27,898;114;19;27;41;19;26,77;88;16;18;39;21;26,249;120;15;24;43;19;28,387;120;19;23;43;17;29,411;83;26;17;39;15;27,111;115;20;23;40;18;29,032;86;17;23;43;23;27,704;124;12;25;44;19;30,695;73;16;20;41;19;27,015;99;14;30;41;18;25,909;88;11;18;41;22;26,585;93;20;23;44;21;28,163;86;21;19;43;19;25,908;127;7;25;42;18;30,408;116;19;20;42;20;29,79;119;23;28;41;21;27,482;64;21;20;40;21;25,021;69;20;19;43;20;24,372;103;23;21;45;20;27,364;114;16;19;42;19;28,043;100;16;19;41;18;25,978;86;15;17;39;17;25,831;68;17;16;40;23;24,659;116;25;25;41;18;29,426;78;10;17;42;20;24,102;115;17;23;41;21;27,572;74;17;16;45;21;25,793;101;20;18;46;23;27,783;75;24;23;45;21;26,606;86;20;18;45;18;26,092;83;24;20;44;18;26,714;94;9;23;42;20;27,246;76;16;15;45;20;26,399;118;17;22;43;21;28,651;109;18;17;43;21;28,973;74;26;23;46;23;25,98;89;18;17;44;21;27;94;14;20;42;20;27,263;112;18;20;45;21;30,46;79;8;15;40;19;26,495;118;21;26;46;20;30,032;114;16;26;42;22;27,843;98;12;26;42;17;28,453;95;19;21;43;19;25,542;124;22;27;40;20;28,858;92;13;20;46;20;27,109;88;15;20;43;23;26,573;90;22;18;47;20;28,015;81;14;21;45;19;27,968;100;25;16;41;22;29,805;68;11;19;42;17;24,031;81;14;16;43;21;25,6;79;23;20;42;16;26,696;94;20;18;45;21;26,094;128;23;24;41;22;30,431;93;21;20;43;18;27,35;76;10;16;39;19;25,89;102;24;25;43;22;25,176
29;126;19;27;44;19;28,353;124;21;24;43;17;28,993;74;24;16;42;23;23,932;111;12;24;41;21;27,212;112;21;19;43;20;27,125;77;10;15;44;21;27,167;81;18;20;42;21;26,778;67;17;24;42;21;24,992;111;21;19;44;21;27,493;115;19;24;41;21;26,812;119;14;22;42;24;30,566;74;11;17;46;19;26,362;123;21;24;41;18;26,677;69;20;21;43;21;26,089;104;27;24;45;19;26,831;67;22;20;39;17;24,127;110;20;26;44;20;26,117;121;17;27;42;17;29,279;68;21;18;43;19;25,565;66;21;16;40;15;23,588;100;17;19;46;18;29,719;66;18;20;43;20;25,499;74;15;24;40;21;24,093;118;28;23;40;23;27,909;93;19;22;44;19;26,285;77;19;21;45;16;25,487;67;17;19;43;22;24,005;98;24;21;44;21;29,851;71;15;17;45;19;25,47;78;21;18;41;19;25,393;83;17;20;42;16;25,831;123;22;23;45;22;30,15;124;18;26;42;19;29,296;69;23;17;45;23;25,914;115;16;29;41;18;28,208;65;12;15;42;15;24,882;119;21;22;44;22;28,577;111;15;19;43;20;27,531;67;12;21;44;22;25,036;85;31;22;42;18;27,196;117;9;25;45;19;29,574;93;26;16;45;23;27,87;111;7;18;42;20;28,834;87;18;19;44;17;27,206;106;22;21;42;20;26,938;125;26;25;44;20;28,02;97;21;21;41;19;25,846;88;22;17;43;18;26,549;92;13;20;41;21;26,214;83;19;17;41;18;25,497;117;24;23;41;16;27,986;64;12;18;46;21;26,658;116;22;22;44;20;29,251;107;23;22;43;19;27,536;94;23;24;43;19;26,929;84;19;17;41;19;26,263;108;18;21;44;20;27,831;70;19;16;43;20;23,989;83;16;19;44;20;23,371;80;21;20;45;19;26,491
30;100;23;21;42;20;27,761;77;18;22;46;22;26,651;119;27;26;46;21;29,585;111;24;24;41;18;27,25;117;23;26;41;19;27,713;109;12;22;47;20;27,455;122;18;22;40;20;26,6;92;22;24;42;20;26,238;96;27;19;47;20;28,231;70;18;17;42;17;25,569;86;27;19;42;18;26,515;113;26;27;42;20;29,654;92;20;19;43;19;25,68;113;16;25;43;21;29,632;99;21;23;42;24;27,655;70;13;18;44;19;24,562;66;11;22;41;23;24,948;121;29;24;45;22;28,979;71;15;20;42;20;24,739;73;29;18;41;22;25,813;116;25;24;42;17;26,701;109;23;25;42;19;27,732;125;27;24;40;20;29,036;69;16;18;44;20;23,069;114;16;22;41;18;27,685;87;18;18;41;19;25,869;73;16;23;43;20;25,366;68;15;14;42;19;23,501;65;15;18;45;21;24,456;95;17;22;45;21;27,15;104;21;23;43;19;26,788;68;24;17;47;20;25,811;76;13;25;44;19;25,597;83;17;22;41;20;25,6;128;17;26;45;19;31,039;71;19;21;43;19;26,426;79;11;22;42;18;26,62;78;20;22;40;20;25,304;70;14;22;41;17;23,988;69;22;21;42;18;24,379;111;26;28;40;21;27,025;86;22;20;45;21;26,463;85;21;20;45;19;25,537;110;19;24;40;23;28,582;101;17;17;43;21;26,81;100;12;24;46;24;28,4;124;17;27;43;19;28,138;108;19;23;45;23;26,696;95;25;19;40;20;24,349;117;18;29;45;21;27,979;84;20;23;40;18;24,602;120;17;26;45;21;28,298;120;22;25;45;20;27,63;70;19;17;40;22;23,813;119;9;28;43;19;28,33;81;18;17;42;23;26,186;103;17;24;42;18;26,409;124;18;24;45;19;28,327;108;19;23;45;21;29,745;106;22;18;39;21;26,744
31;69;15;20;44;23;24,657;76;20;20;46;18;26,159;119;22;22;41;21;27,292;87;18;21;40;21;26,223;125;20;22;44;20;28,338;128;21;27;43;21;29,061;113;22;27;39;19;28,535;77;14;18;44;19;27,305;108;20;21;43;20;27,821;88;14;21;42;20;24,815;67;22;16;39;20;25,561;119;16;23;41;20;29,251;99;24;24;47;24;26,942;83;21;19;44;21;26,582;72;22;20;40;20;25,236;114;15;28;40;21;29,687;82;28;19;39;21;26,229;79;18;21;44;20;26,181;109;13;21;41;19;27,069;102;12;24;42;18;29,18;86;25;20;42;20;25,616;66;18;14;43;20;25,812;76;16;22;44;20;26,545;90;14;20;43;18;27,437;119;29;24;43;22;29,514;83;14;21;42;15;27,107;80;10;19;44;21;27,486;80;16;19;44;18;26,237;73;16;20;41;20;24,95;108;14;23;42;17;28,513;126;19;21;44;19;28,291;119;12;23;45;20;30,289;114;19;22;42;21;28,752;67;26;16;46;24;27,032;118;26;24;43;18;25,908;77;20;19;45;15;26,284;122;19;26;44;20;27,734;124;23;23;44;19;28,755;122;20;23;45;19;27,972;78;17;19;43;16;24,611;100;24;22;41;23;26,277;105;26;23;45;23;25,815;71;25;18;44;20;26,38;69;15;16;44;19;23,095;111;21;19;46;20;29,306;88;15;15;43;18;25,825;73;17;17;47;20;27,722;96;19;17;41;18;25,971;68;18;19;44;20;23,145;85;15;19;43;24;26,463;98;20;26;44;22;28,33;107;20;26;41;18;27,526;71;17;17;41;20;26,591;124;12;22;41;18;30,93;86;34;19;45;23;28,288;90;17;24;42;17;26,446;122;19;22;42;20;29,187;116;21;22;47;24;29,306;96;19;20;43;20;27,237;121;19;22;43;19;28,093
32;116;20;21;41;19;27,598;105;19;20;42;18;28,232;117;13;26;44;16;27,514;123;20;20;43;20;28,348;67;17;16;43;23;25,698;115;27;23;41;16;28,666;94;14;24;44;22;26,459;104;19;24;41;22;27,06;93;22;24;41;22;26,852;86;12;21;43;21;24,813;101;22;23;40;19;27,292;124;25;20;42;23;27,166;104;11;28;44;20;27,499;88;23;18;45;23;26,322;125;19;24;44;22;28,275;100;14;25;44;19;27,942;93;20;20;41;16;25,28;71;17;20;42;17;25,139;71;15;19;44;19;26,532;66;9;22;43;21;24,129;96;12;23;45;21;28,111;91;20;22;41;21;26,32;78;21;18;42;19;26,455;80;18;19;46;19;24,519;128;18;26;43;18;28,708;77;24;19;44;21;25,216;102;16;22;49;22;28,493;110;23;22;45;17;27,877;66;19;12;43;22;25,845;123;14;24;41;22;30,168;125;21;25;41;20;27,1;80;15;19;44;18;26,994;114;21;21;45;19;28,418;100;16;22;42;23;27,737;70;21;19;43;17;24,874;90;18;21;46;21;26,294;102;19;20;46;21;27,906;81;31;23;39;16;25,684;97;21;23;46;19;26,239;125;23;23;45;20;29,677;86;24;20;45;21;25,766;112;17;26;42;21;29,361;87;26;21;47;22;26,291;90;20;23;43;22;27,388;68;17;18;39;21;23,34;88;22;22;47;17;27,932;89;16;21;42;19;26,425;79;22;22;45;15;25,003;88;26;20;41;17;24,382;87;17;21;39;19;26,165;75;8;19;40;18;26,94;92;20;21;40;20;27,139;115;28;21;44;24;30,808;89;15;21;45;21;27,485;106;19;28;40;22;28,274;119;17;25;39;19;28,435;99;20;23;44;18;27,068;115;25;23;43;19;28,83;95;21;16;44;22;28,477;70;23;18;43;21;25,087
33;67;17;21;40;18;25,205;102;18;19;43;19;26,37;93;20;25;40;19;26,788;129;12;25;44;21;30,933;70;23;26;44;22;25,965;81;19;19;42;19;25,295;108;10;22;44;21;27,917;88;15;15;45;21;28,008;92;17;13;41;24;29,212;76;22;20;42;21;25,611;113;9;28;43;21;27,615;95;23;21;46;24;28,293;91;19;19;43;19;27,068;104;16;20;47;21;28,663;82;16;21;41;18;24,431;80;14;19;41;21;26,293;107;26;22;46;22;28,932;89;23;19;46;19;26,949;67;15;13;42;22;22,151;74;18;16;42;21;24,671;81;22;18;44;22;24,149;81;10;21;41;17;25,786;88;19;22;43;17;24,591;71;16;21;41;20;23,286;94;22;25;43;25;27,311;100;16;20;45;19;26,533;113;12;21;43;20;28,132;123;21;27;40;23;29,22;82;22;26;46;22;25,561;99;20;24;44;19;26,206;85;14;24;46;19;25,671;115;25;25;42;17;28,087;83;20;14;40;18;25,71;106;17;22;45;22;29,633;104;19;22;41;20;27,892;104;22;20;42;20;25,159;86;14;20;45;17;26,866;123;26;25;42;19;27,415;111;16;21;44;17;25,963;116;13;20;45;21;28,63;73;17;15;47;19;27,083;113;16;19;41;19;29,157;92;19;22;43;21;25,699;124;22;25;44;18;29,763;69;16;19;43;21;23,785;71;23;20;45;20;26,86;65;13;17;40;22;23,02;107;22;20;42;20;26,741;113;28;24;45;21;29,84;77;16;20;39;22;25,243;97;20;19;45;19;28,272;73;21;18;42;20;25,495;109;17;20;44;20;29,856;89;20;20;41;22;26,723;91;27;24;43;22;26,944;112;22;24;45;18;28,928;78;16;21;40;20;24,514;108;23;23;42;20;28,827;118;27;22;43;16;27,256;92;20;29;48;22;27,346
34;100;23;22;43;21;28,393;116;19;25;41;22;28,098;74;18;21;41;21;25,882;83;21;20;42;19;26,495;68;19;17;40;19;25,016;80;20;19;44;17;26,285;107;18;23;41;20;28,734;81;30;21;42;20;25,903;95;22;22;46;21;27,377;85;17;18;43;20;26,687;69;15;23;43;20;23,603;72;18;20;41;20;24,99;123;36;27;39;22;28,279;127;13;26;42;20;29,441;114;23;27;44;24;28,322;125;23;23;42;19;30,774;76;22;16;40;21;26,192;91;20;22;46;23;26,997;87;11;22;42;21;26,941;70;24;21;42;19;26,498;116;27;22;41;20;28,462;122;19;23;40;19;28,974;74;10;19;44;22;26,381;124;22;21;44;20;29,745;110;33;20;44;22;27,803;102;19;20;40;20;28,133;119;28;27;41;22;28,714;122;19;26;44;19;31,528;88;12;23;41;17;24,997;92;10;20;43;21;26,342;72;20;19;45;18;26,563;112;14;27;42;21;25,948;118;10;21;43;22;27,981;122;23;24;42;18;27,913;81;22;20;44;17;27,351;83;19;19;44;19;24,857;69;11;16;45;18;24,371;79;16;19;43;22;25,329;109;17;21;42;20;27,064;77;14;20;40;20;27,227;84;23;20;45;18;27,071;100;24;23;43;19;26,48;116;12;20;43;20;30,485;83;11;17;42;22;27,263;72;14;18;45;22;26,14;80;22;21;46;20;27,873;104;17;24;42;20;27,464;82;7;22;44;19;25,503;111;23;28;46;19;27,656;92;19;22;42;18;26,827;113;22;27;40;19;26,891;70;19;17;41;20;24,545;97;12;22;43;21;26,602;78;31;17;43;23;25,532;77;14;14;43;23;25,996;74;18;22;46;18;27,274;78;23;17;47;21;25,265;94;12;21;42;21;25,188;74;24;20;42;16;24,767;69;18;17;40;19;25,742
35;98;21;22;41;18;26,108;81;21;20;42;21;27,6;127;29;26;49;24;28,923;67;22;24;47;24;26,478;87;21;20;44;21;27,033;109;16;26;45;21;28,901;101;18;22;43;20;27,859;107;22;23;46;21;29,408;110;19;23;46;22;28,069;104;23;26;45;21;29,303;115;16;25;43;23;28,801;109;21;22;40;19;25,253;73;18;18;41;16;24,955;68;13;16;43;19;24,884;98;15;20;42;21;25,744;84;19;26;43;23;28,13;123;23;23;50;17;28,751;71;26;16;44;23;24;94;18;20;45;22;24,979;89;20;25;40;15;27,136;78;17;19;45;22;26,331;75;14;19;47;22;25,999;102;33;26;43;25;28,034;118;25;24;44;16;28,885;82;25;21;46;17;27,176;91;21;22;42;19;27,186;102;11;23;43;22;27,226;80;24;26;44;21;25,289;122;24;22;42;20;28,825;78;21;23;41;21;25,054;118;18;21;44;23;29,037;89;10;20;41;21;25,255;108;23;22;41;20;27,722;125;23;22;42;20;29,999;100;11;23;46;19;29,616;97;22;24;40;17;26,32;67;28;18;45;20;26,492;118;19;28;46;19;29,769;79;24;21;45;18;26,852;108;18;25;42;19;26,981;105;29;23;43;20;29,112;114;25;24;45;19;29,846;113;27;23;44;20;28,991;121;16;27;44;20;30,435;101;25;25;41;17;26,692;121;25;27;42;21;29,574;101;17;21;40;22;28,377;89;17;20;45;19;26,179;115;12;22;41;21;29,315;116;24;22;44;19;28,377;122;26;27;45;21;28,977;105;16;22;45;19;29,131;67;15;16;42;23;24,452;87;24;21;44;18;25,304;102;22;22;41;19;26,816;108;15;18;45;20;27,327;90;21;26;42;16;25,967;89;21;23;43;22;27,416;101;25;22;41;20;26,582;125;18;24;45;22;30,128
36;69;13;20;44;21;25,133;84;13;20;42;21;26,975;77;21;22;43;24;26,054;94;15;20;43;17;27,408;105;24;19;42;18;25,692;100;18;17;40;21;25,983;117;22;25;46;22;28,201;74;7;25;45;18;24,881;71;27;16;43;22;25,241;67;21;20;42;17;24,459;105;18;21;41;21;27,554;83;25;19;46;21;26,509;120;17;21;42;16;28,936;88;19;19;46;20;26,499;86;21;19;42;17;25,975;96;21;21;46;18;28,397;112;13;21;46;22;30,796;109;12;21;43;21;26,702;103;15;21;43;22;27,874;85;14;20;43;20;25,904;127;21;28;45;22;29,645;118;12;27;41;19;27,608;90;23;19;43;19;25,862;122;12;24;42;16;28,448;72;15;19;42;24;24,827;108;23;26;42;22;29,018;119;23;27;44;19;30,983;98;22;26;43;22;28,204;114;22;22;40;21;27,276;78;12;22;41;18;25,131;79;18;17;41;18;26,32;122;23;21;42;20;28,327;67;21;22;44;19;23,52;78;25;23;42;19;25,406;94;17;21;41;16;26,656;77;13;17;40;23;25,432;91;16;24;41;24;25,752;75;13;23;41;18;25,112;120;17;24;41;18;29,451;71;22;19;41;15;25,006;101;19;23;43;18;26,876;127;31;25;44;22;29,553;84;22;21;43;23;26,237;124;24;27;45;21;31,132;87;15;18;42;20;26,587;105;19;22;42;18;26,662;76;31;16;45;19;25,565;125;27;24;43;20;29,68;128;22;25;41;16;28,398;83;11;20;44;21;26,337;103;22;25;41;18;24,356;118;21;20;42;20;27,762;122;17;29;44;24;29,713;98;27;25;44;19;27,115;66;26;18;42;20;24,496;111;22;25;40;19;28,108;104;20;22;45;22;29,702;88;14;22;44;22;25,072;110;18;22;41;22;27,846;126;16;21;44;21;31,011
37;118;21;22;44;23;28,749;80;20;17;40;20;23,885;109;26;19;46;22;27,406;99;20;20;42;21;26,46;69;14;22;41;15;23,832;105;20;22;46;23;28,189;118;22;24;40;22;29,461;83;13;22;43;19;25,636;97;9;23;42;19;26,884;68;17;18;44;21;25,26;98;22;27;41;18;26,056;112;21;21;42;18;28,062;115;18;23;42;20;29,608;119;27;22;46;20;27,914;73;20;19;41;18;25,806;119;26;26;41;21;27,673;125;26;23;45;20;29,772;82;15;22;43;20;25,075;73;16;19;42;21;26,115;128;21;29;43;20;28,758;111;20;17;42;19;28,217;119;15;25;43;20;28,556;111;25;21;44;21;28,659;119;15;23;44;21;27,589;113;23;26;44;19;28,068;98;13;24;47;19;30,231;69;22;19;45;20;25,392;110;19;19;40;19;27,001;75;17;19;42;17;24,976;122;19;30;44;21;28,201;80;13;20;46;24;27,864;104;22;22;48;23;29,903;90;19;18;40;20;26,263;89;16;19;40;20;26,45;78;24;19;47;18;26,108;87;19;22;40;19;24,081;76;22;20;39;20;25,308;116;20;22;39;22;28,047;73;23;20;43;18;27,673;101;15;22;40;20;25,867;108;22;23;42;22;29,135;92;18;19;43;23;26,36;81;18;21;43;21;26,378;77;22;19;45;18;25,637;124;22;28;45;18;29,838;109;20;25;43;23;27,685;108;18;20;45;18;28,842;93;22;22;39;19;26,816;112;19;28;45;18;27,61;94;17;19;44;19;28,754;123;17;26;44;20;30,808;85;18;18;44;23;26,317;126;23;25;39;19;27,284;105;27;20;45;20;28,245;124;25;27;44;19;30,097;126;13;27;40;18;28,892;95;19;22;42;20;26,98;72;14;20;41;21;24,267;85;9;21;42;19;26,312;105;20;27;40;18;28,124
38;102;19;23;42;23;25,209;79;17;19;44;19;24,955;124;29;24;41;19;28,756;72;23;16;44;21;26,686;90;15;24;47;17;26,149;81;25;17;43;19;25,732;91;27;22;43;20;27,794;110;22;22;43;18;28,311;107;25;18;42;18;27,454;126;24;24;44;20;30,575;69;25;21;45;21;25,812;110;12;25;46;20;29,06;127;24;29;45;21;27,151;70;14;15;43;19;24,929;112;26;22;44;19;29,384;103;18;21;42;15;27,601;115;29;23;43;22;27,394;92;22;22;43;16;28,127;92;18;20;42;20;26,797;88;19;22;45;20;25,568;122;24;27;42;21;27,756;84;16;18;40;18;24,798;73;29;17;38;21;23,555;121;20;27;41;18;29,172;119;19;21;41;18;27,788;103;15;19;41;19;27,433;120;15;25;45;19;29,95;122;18;22;41;21;29,448;113;23;25;44;21;27,177;99;10;23;43;23;27,706;116;22;19;40;22;28,113;83;22;21;44;21;26,374;76;15;17;39;19;24,414;115;20;27;45;22;26,662;64;18;20;43;22;24,956;79;26;21;40;21;24,401;106;22;25;45;20;26,713;116;19;25;41;18;28,141;96;24;21;44;22;26,461;89;21;18;43;23;26,857;81;18;15;45;22;26,008;100;19;18;40;20;29,03;110;23;24;47;21;30,046;71;24;17;43;19;25,278;95;15;24;43;20;27,811;99;14;21;42;23;28,03;97;20;19;42;18;27,024;75;13;20;45;19;26,784;93;8;23;45;19;26,712;80;7;22;44;21;27,637;91;12;24;45;21;26,711;118;32;19;43;16;28,415;79;22;20;41;19;26,969;94;24;22;41;20;26,49;115;11;25;48;21;28,671;125;18;22;44;17;29,915;88;13;21;46;21;27,621;85;14;18;46;22;25,93;117;20;24;44;18;28,903;91;13;18;43;17;28,934
39;88;26;21;45;17;27,033;115;16;26;42;20;28,46;71;13;18;42;22;23,223;108;27;24;40;18;27,444;127;23;24;44;21;32,093;114;13;23;41;16;26,796;123;18;24;45;25;30,551;110;25;24;41;20;25,244;98;7;19;41;21;26,824;107;22;23;44;22;28,345;108;16;21;42;22;25,803;83;21;18;41;18;25,325;105;14;24;43;18;26,864;80;14;22;40;21;24,845;72;22;12;41;18;26,115;113;22;22;42;24;26,854;110;20;23;42;23;27,557;88;23;19;40;17;26,59;104;34;19;42;16;27,502;70;21;20;44;20;26,762;88;17;21;43;20;25,521;69;22;17;44;17;24,486;109;22;21;45;20;28,746;74;17;18;42;19;25,607;99;23;19;45;18;26,743;70;19;16;47;21;26,207;71;9;20;45;19;26,225;107;18;22;43;19;27,574;124;23;19;40;23;28,516;104;21;22;44;18;27,417;86;25;21;42;19;26,782;109;9;22;40;16;28,58;67;14;15;45;22;25,385;79;19;20;43;22;26,129;86;22;22;43;19;26,645;107;17;23;42;18;28,004;110;23;26;39;22;27,865;92;16;22;48;20;28,021;96;16;20;42;23;26,098;83;18;17;42;21;26,352;93;16;21;42;21;26,94;127;18;26;44;22;28,971;112;23;25;47;20;29,041;86;18;23;46;20;27,801;99;22;17;42;20;27,301;99;23;20;46;21;28,721;81;5;21;41;17;26,733;94;19;17;40;16;24,601;109;14;22;43;19;27,143;117;21;22;41;19;27,949;93;16;22;44;25;26,526;121;12;22;45;20;29,926;85;10;24;43;20;26,871;69;19;19;44;19;24,67;122;17;27;42;20;30,318;81;20;20;40;20;24,045;76;18;23;44;17;26,289;96;23;20;42;19;27,117;81;7;14;43;21;24,744;106;25;21;45;20;27,105
40;107;19;22;40;21;27,272;82;18;17;45;16;28,257;71;13;18;43;18;24,446;124;22;25;44;21;30,257;85;14;21;45;15;27,247;98;13;24;48;18;27,787;84;20;21;42;22;27,025;89;24;20;43;17;26,49;95;23;21;41;17;26,174;97;23;20;43;21;28,384;75;22;24;43;22;24,874;75;22;22;44;25;27,137;91;18;19;43;17;26,129;78;22;22;42;21;25,393;93;22;23;41;20;27,451;111;21;26;41;22;28,548;98;20;20;47;22;27,714;92;22;18;43;20;26,788;106;15;22;40;19;28,48;125;17;21;41;20;27,215;90;15;20;44;22;25,883;104;18;17;44;18;29,048;127;22;24;42;23;27,853;91;21;23;46;22;26,281;121;12;19;41;19;29,054;75;25;20;44;19;26,664;94;17;20;45;23;27,8;100;23;24;40;17;27,042;118;19;25;42;21;27,54;73;23;19;41;24;26,033;86;13;21;44;23;25,369;100;16;24;46;21;26,413;86;21;21;43;18;28,434;84;20;24;42;20;24,907;67;21;20;43;22;26,72;105;20;21;43;21;27,85;69;21;21;41;20;23,179;76;28;22;43;19;25,602;117;13;16;44;18;29,026;118;18;23;42;23;28,751;106;20;21;45;21;26,991;102;17;20;42;17;29,133;93;12;26;45;24;29,086;116;13;21;45;17;27,526;115;29;24;43;24;28,871;120;15;23;43;20;28,519;75;7;19;45;20;27,219;73;20;20;43;20;25,339;92;15;21;44;20;25,111;82;20;20;41;21;24,858;123;19;25;41;17;29,921;121;23;25;42;20;29,273;81;19;18;45;22;26,998;68;19;18;44;18;25,514;85;25;18;41;18;26,226;90;13;18;44;22;25,307;89;16;22;45;20;26,681;74;23;23;40;20;25,054;91;16;25;41;17;26,898;92;13;21;42;22;25,25
41;75;17;19;46;22;26,007;102;13;19;42;19;26,979;66;21;18;44;22;25,675;86;14;21;44;20;26,503;95;18;20;41;21;25,619;87;21;17;46;23;28,067;93;18;24;41;18;27,373;97;23;25;45;16;28,957;120;24;19;43;22;28,6;107;18;24;45;16;28,613;99;18;20;41;21;26,59;90;22;21;42;21;24,711;88;13;18;45;20;27,045;76;20;20;43;19;26,843;84;17;18;41;18;27,073;91;16;21;41;18;24,324;104;16;24;39;19;26,283;90;25;22;45;24;25,53;118;16;26;40;21;28,381;67;18;20;45;19;25,131;117;19;23;41;21;27,75;81;20;14;43;21;26,643;120;21;23;40;18;29,256;83;14;23;44;22;27,672;92;15;23;43;19;25,293;99;19;21;42;23;27,636;95;16;19;43;21;25,849;112;20;20;44;18;27,37;115;21;21;40;21;27,644;72;18;19;43;21;24,248;116;16;22;42;20;29,007;85;20;16;45;19;28,686;74;13;18;44;20;24,359;98;21;19;46;22;28,404;118;23;23;42;19;26,83;73;20;19;44;16;25,502;105;14;24;40;15;25,753;103;14;24;43;19;25,734;90;8;27;44;19;26,76;76;28;19;44;20;26,299;119;20;24;39;20;28,991;76;11;17;41;18;25,704;80;19;23;42;19;24,142;85;13;20;44;26;25,899;108;18;26;42;18;26,826;65;23;13;41;19;23,816;122;16;29;43;19;28,527;72;20;19;45;21;23,863;112;30;24;42;19;26,85;76;20;18;44;18;24,269;77;10;19;44;20;26,589;114;24;25;45;20;28,416;115;19;23;41;15;27,458;69;16;22;41;21;22,966;96;26;18;42;19;27,281;128;26;24;40;19;27,661;127;21;23;41;19;30,548;91;17;17;43;19;24,631;115;28;27;42;24;28,873;122;22;27;42;23;27,632
42;78;20;20;44;22;24,849;115;16;21;43;21;27,504;109;16;23;41;21;27,08;97;22;22;40;20;27,383;96;22;21;41;19;25,039;75;12;19;44;18;25,244;115;17;23;44;20;27,946;104;14;22;42;17;28,953;90;24;21;40;18;23,996;90;17;18;41;17;26,334;93;20;18;43;24;29,432;74;14;19;43;22;25,912;105;15;24;39;16;27,094;77;18;17;40;21;25,64;101;22;20;43;26;28,545;70;18;19;42;20;25,403;90;21;18;45;19;25,17;74;23;19;45;24;26,372;106;30;18;40;17;28,1;92;16;18;44;19;27,554;111;26;26;43;21;26,945;106;20;16;47;21;29,65;74;16;21;42;17;24,827;99;10;19;43;20;27,181;72;18;18;40;19;22,958;112;17;26;40;21;25,853;85;12;20;45;22;28,747;119;24;22;44;18;27,927;100;20;25;43;21;28,074;87;24;25;43;26;28,599;123;27;25;44;19;28,799;84;20;23;41;19;25,642;82;19;20;40;20;24,74;126;24;24;41;21;29,675;70;11;19;43;23;27,183;97;14;20;42;20;25,505;97;18;22;43;20;27,101;79;27;20;46;21;26,627;107;12;19;43;20;28,831;107;21;24;42;16;26,188;110;23;21;41;22;27,808;84;22;23;45;21;26,111;91;24;21;42;21;28,053;96;13;19;45;21;25,67;99;31;24;41;18;26,632;89;13;22;43;19;25,845;78;22;21;41;19;26,127;108;21;22;42;22;27,846;105;24;20;46;19;26,68;77;13;19;43;20;24,232;93;20;23;46;23;26,719;86;20;20;40;21;25,446;107;15;29;44;19;27,921;98;17;26;44;20;27,005;92;15;18;45;21;26,877;128;16;22;42;20;29,602;69;20;17;46;20;23,395;88;14;17;42;22;25,998;114;15;26;41;18;29,754;78;16;18;41;17;25,704
43;75;18;20;41;20;27,516;98;21;24;41;21;25,527;128;20;25;43;22;30,407;97;14;18;42;18;26,624;101;24;21;41;19;27,173;128;21;20;42;21;29,358;82;26;22;44;21;28,426;77;16;15;47;21;25,741;120;11;23;46;19;29,666;109;17;19;45;19;29,84;115;10;22;44;20;26,13;94;24;23;42;21;27,212;113;16;25;43;20;29,163;73;16;24;42;19;25,348;80;18;22;44;22;24,631;92;25;16;45;23;26,219;94;18;24;40;20;25,756;122;14;25;43;18;27,832;87;8;22;43;23;25,769;103;22;25;41;17;26,236;74;23;18;42;22;25,052;87;13;20;44;20;26,656;128;16;28;42;20;29,54;90;17;21;41;19;25,291;119;30;21;44;20;28,853;80;20;22;47;22;25,75;66;16;17;45;14;27,473;106;15;23;40;19;26,379;112;18;15;43;16;27,739;123;13;24;43;19;28,986;103;22;17;42;22;29,471;96;28;19;41;20;25,672;79;18;18;42;19;25,429;90;21;16;42;22;26,782;84;24;20;40;19;25,91;79;17;17;43;17;24,844;89;24;24;40;19;25,95;67;5;18;40;20;24,758;117;18;26;42;21;29,772;68;19;19;42;16;22,534;100;18;21;44;21;28,536;71;16;19;44;21;24,658;67;20;19;43;20;25,593;114;32;22;45;24;26,322;123;17;24;44;16;30,164;68;9;19;40;19;24,767;101;16;24;42;21;28,442;87;15;22;44;21;26,196;94;22;20;45;16;28,536;127;20;26;43;16;27,78;118;23;23;39;17;27,063;76;23;18;43;19;25,118;78;22;21;41;17;26,034;115;20;26;43;22;29,218;95;27;23;42;24;28,027;68;16;21;42;16;26,184;74;20;22;44;22;25,408;119;21;24;44;22;27,56;71;17;18;38;21;26,137;122;16;25;45;21;28,214
44;118;28;20;46;23;30,662;71;14;16;41;20;24,801;85;22;19;42;20;25,175;117;27;19;44;22;28,676;66;14;22;44;21;24,126;76;15;19;43;22;26,237;93;17;22;42;18;27,809;97;27;25;44;19;26,889;82;12;19;45;22;25,616;91;16;17;45;19;28,307;97;18;21;42;21;22,752;70;17;21;41;18;23,739;128;17;25;40;19;28,221;75;13;16;42;18;24,777;81;23;21;42;22;25,361;94;15;20;44;20;28,494;118;22;26;40;21;26,572;97;21;22;45;19;27,463;111;25;24;45;23;27,95;114;26;22;45;20;29,192;81;14;14;41;17;25,601;65;22;20;45;19;25,032;113;18;24;40;19;27,933;82;20;24;41;22;23,586;98;19;24;41;18;25,937;104;20;19;46;20;28,082;113;10;26;45;22;27,673;119;18;22;46;24;29,747;113;22;21;40;19;25,771;85;18;21;42;20;26,596;107;29;22;44;25;29,001;96;22;24;41;21;26,692;115;11;22;41;20;27,759;101;19;25;43;17;26,992;78;23;17;39;19;27,686;111;21;23;44;21;28,914;68;24;26;44;21;27,432;67;7;16;42;23;24,281;82;29;26;42;19;24,324;93;14;21;44;23;26,567;75;10;16;43;21;24,017;82;14;20;41;21;28,202;126;17;19;42;19;29,689;91;15;17;45;18;25,651;70;15;23;44;18;25,768;99;22;20;42;20;27,731;107;24;23;41;23;26,846;73;23;22;43;19;27,267;71;9;18;41;17;25,091;72;17;20;42;20;25,404;88;17;18;40;21;26,583;119;15;24;43;24;30,255;89;16;20;41;19;26,224;83;19;26;46;19;28,373;72;22;22;42;21;25,27;83;9;24;43;18;27,453;86;18;17;42;20;26,558;71;20;23;47;20;25,846;73;11;19;39;21;24,16;87;11;22;43;17;26,534
45;79;17;19;45;21;25,821;85;14;22;41;19;26,997;89;11;22;48;24;27,087;114;12;21;42;17;26,476;74;25;23;41;19;27,063;109;15;22;43;21;27,99;117;25;24;45;16;28,851;102;19;21;45;18;27,529;77;9;19;42;20;24,175;94;13;21;42;22;25,966;68;13;23;42;18;25,182;77;20;22;40;22;23,049;74;19;19;40;19;26,367;87;23;19;41;18;25,115;89;22;23;45;20;26,11;93;12;19;45;20;25,45;87;6;23;45;18;27,391;87;31;21;39;19;27,334;86;27;22;44;24;25,638;113;17;24;42;20;28,868;123;27;22;44;22;29,799;90;17;22;40;18;26,604;118;27;21;42;19;28,02;72;25;19;43;21;25,081;101;16;21;45;22;28,935;93;14;20;42;19;27,199;120;24;27;41;21;27,46;80;16;23;41;18;24,3;72;14;18;43;17;24,957;84;10;24;41;17;26,282;77;19;21;44;21;25,078;83;20;18;42;23;23,898;68;16;18;43;22;25,009;110;22;23;42;19;30,049;116;30;22;45;16;29,3;116;13;20;39;18;28,745;93;18;24;40;20;26,741;98;24;25;42;17;27,571;71;15;23;41;17;26,038;105;27;19;41;23;28,598;112;20;24;43;25;28,419;89;18;16;42;18;25,868;109;22;22;42;17;25,65;112;16;23;41;23;26,589;90;15;22;45;15;27,289;115;16;28;43;20;27,637;117;25;29;45;25;29,666;110;20;24;41;23;29,532;98;13;21;46;22;27,751;112;15;25;43;22;28,941;87;16;20;42;24;24,865;111;27;26;46;23;29,412;88;23;21;39;19;27,32;90;24;21;45;18;27,867;87;23;26;46;16;26,615;90;21;22;43;18;26,209;116;23;22;43;23;28,928;111;25;21;41;20;27,991;83;26;23;43;19;26,442;121;24;29;40;21;25,959
46;88;15;18;42;20;26,289;107;21;26;42;18;28,335;78;14;18;44;21;24,89;73;19;17;40;19;23,779;78;10;20;43;21;24,322;127;23;21;45;20;29,158;73;22;17;40;18;26,01;86;5;15;44;19;28,758;89;19;22;43;23;26,118;81;22;19;42;24;26,153;118;20;21;42;21;29,868;129;25;23;40;18;30,4;79;16;15;45;20;26,077;124;18;23;43;22;30,924;127;21;24;43;19;28,389;71;8;19;41;22;25,011;66;20;20;44;19;24,713;109;21;24;41;19;28,907;74;15;17;42;21;24,864;90;23;22;45;22;26,888;74;14;19;41;20;24,039;122;9;20;47;21;30,269;111;10;21;40;20;26,307;123;15;25;45;19;29,096;119;16;22;42;24;28,573;120;18;24;44;21;27,478;122;14;26;42;20;27,548;93;22;22;41;22;28,631;109;12;25;44;18;27,287;114;20;23;43;19;27,733;95;10;25;43;21;27,414;118;20;20;42;17;28,061;109;12;21;40;20;26,423;126;19;24;45;20;30,239;97;23;23;39;18;26,736;119;21;23;44;22;29,276;85;14;17;43;16;26,918;80;10;21;48;19;26,509;112;19;23;45;19;28,11;67;23;17;44;23;24,704;90;14;23;41;25;28,021;109;19;21;44;19;27,66;100;9;26;41;15;27,975;88;20;23;41;21;25,41;121;29;23;43;22;29,165;116;23;25;43;23;27,93;119;24;22;42;17;26,098;114;19;23;44;23;28,345;67;13;12;43;21;27,736;99;19;22;45;20;26,833;123;21;23;43;19;29,975;107;28;21;40;19;25,596;80;15;18;43;21;25,446;75;15;18;40;19;25,005;80;19;24;41;19;24,691;98;12;25;43;22;25,499;79;21;20;42;23;26,797;121;23;26;42;21;26,947;67;13;18;42;24;23,698;68;16;19;46;20;24,799
47;127;35;26;41;24;27,939;129;15;25;42;20;29,208;116;26;22;41;20;27,537;103;16;20;43;22;26,642;96;19;22;43;19;26,343;121;14;21;45;24;28,245;103;26;20;42;20;27,41;101;5;21;41;24;28,078;89;20;19;45;22;27,662;109;21;24;40;20;27,318;90;17;23;47;23;25,643;125;16;27;41;16;30,27;105;14;22;45;25;28,307;71;15;21;42;21;24,697;74;25;17;46;22;27,088;99;20;25;44;22;28,322;109;22;22;41;17;26,856;68;19;18;41;17;25,558;113;17;19;43;23;26,833;120;18;23;40;19;29,612;124;19;26;44;18;31,368;67;20;15;43;20;24,313;67;21;22;45;18;24,686;109;21;24;41;22;26,22;76;30;19;44;21;28,313;100;14;21;40;19;25,975;104;20;23;40;22;27,66;96;18;18;44;20;28,339;73;18;21;45;18;25,969;120;19;24;44;20;27,199;92;17;16;44;21;27,983;125;23;26;46;21;29,668;119;15;26;44;21;29,906;65;18;20;43;18;24,407;128;24;26;42;20;30,769;95;24;20;44;19;28,4;96;21;25;41;19;29,027;78;25;15;41;21;26,664;96;18;23;41;21;28,071;91;19;22;41;19;25,558;115;16;23;42;19;28,117;67;20;17;42;16;25,849;127;28;27;45;22;28,558;103;15;23;43;22;29,99;91;23;17;41;16;26,715;105;23;20;47;23;27,373;77;22;17;44;18;27,636;95;22;24;40;18;25,995;90;15;23;41;20;26,384;118;20;25;44;19;28,012;124;19;23;43;20;30,324;84;21;22;43;19;25,176;105;25;23;40;14;27,411;114;16;26;43;19;27,952;68;22;22;42;20;23,706;126;19;25;44;20;29,908;86;16;21;44;20;25,713;70;23;18;43;24;26,959;74;10;19;44;22;26,348;108;21;21;41;21;27,761
48;82;12;18;43;21;26,203;107;22;25;43;22;28,298;69;14;20;44;23;25,147;124;16;25;42;16;26,006;69;20;15;44;18;27,136;120;27;22;42;21;29,107;67;20;15;46;18;23,613;100;16;25;43;19;27,997;117;24;24;39;17;28,186;109;25;21;44;21;29,188;85;18;15;44;19;26,544;109;11;21;45;19;28,243;102;26;21;43;22;27,548;98;22;27;46;17;26,531;72;12;18;44;21;25,592;78;23;19;39;17;25,024;71;14;17;46;21;24,212;127;21;26;43;18;28,6;115;28;27;41;22;27,809;71;11;19;44;19;26,537;95;18;20;46;21;27,985;112;22;17;43;18;26,995;90;21;23;40;21;26,565;72;22;18;42;20;25,34;104;9;22;42;19;27,854;98;27;21;43;19;27,439;70;25;18;41;24;24,487;69;21;20;44;18;25,648;84;22;17;46;22;25,297;79;16;20;43;19;25,599;84;13;22;39;18;25,159;72;22;19;45;23;26,401;105;19;23;42;21;26,997;78;21;21;44;20;26,043;80;18;20;45;24;27,07;79;16;18;43;18;26,599;66;14;14;40;22;23,436;101;24;22;42;22;28,997;106;27;26;42;22;27,096;117;21;21;41;22;28,219;72;8;18;44;22;25,083;70;27;17;42;17;26,361;103;22;22;45;25;28,253;74;23;16;46;22;26,477;91;15;21;42;18;26,623;112;20;25;39;20;27,623;109;19;26;44;24;28,739;79;12;15;44;20;27,005;119;32;25;41;19;28,061;82;26;21;43;20;26,333;96;23;22;42;22;26,7;84;22;25;42;18;24,854;95;26;23;45;20;28,062;84;23;20;45;20;26,282;89;29;15;39;18;26,662;74;15;20;46;19;26,696;78;28;21;44;21;24,944;127;24;29;44;21;27,877;125;17;27;48;22;30,473;101;15;22;46;26;28,284
49;104;27;26;45;18;28,499;76;21;20;46;21;25,512;83;16;21;39;20;24,432;107;24;22;42;14;27,598;79;20;15;43;15;28,582;75;22;19;43;19;25,148;84;21;19;46;21;25,366;105;19;24;40;17;28,384;122;15;22;48;22;29,274;123;11;23;43;20;28,792;87;21;23;44;19;25,102;115;11;22;45;21;29,355;123;14;24;40;19;26,889;78;23;17;44;22;24,609;74;7;15;45;17;25,563;78;23;23;45;16;25,326;88;18;21;42;21;25,154;76;23;21;43;18;26,631;90;10;21;43;16;26,771;81;17;25;41;21;25,293;125;21;22;44;19;29,555;75;17;21;40;21;24,931;83;22;21;44;21;27,25;95;18;22;46;22;29,229;123;25;26;42;16;28,055;116;24;21;43;22;28,413;89;15;21;42;22;27,732;99;11;26;42;20;28,524;117;22;25;41;19;28,651;88;21;21;42;21;26,767;111;12;22;44;22;28,305;86;14;20;43;23;26,476;67;13;21;39;17;26,496;70;12;15;42;20;25,373;82;16;18;42;19;24,468;82;14;17;43;21;27,61;99;19;23;43;21;26,962;104;22;21;41;19;26,863;74;19;18;39;20;24,344;123;28;22;43;19;28,533;100;20;21;39;18;27,081;114;21;22;41;18;28,148;111;14;21;45;20;28,297;91;22;25;44;21;27,513;75;19;18;45;19;25,462;127;21;22;44;20;28,852;68;24;18;41;19;24,02;68;21;22;41;20;24,45;122;21;24;45;25;29,837;83;31;22;41;17;24,988;76;8;22;41;22;24,315;119;26;25;43;25;29,593;105;20;24;45;19;25,627;104;27;18;40;22;27,975;125;23;26;43;23;29,542;98;26;20;44;18;27,238;105;17;25;45;21;29,089;79;17;17;45;18;27,379;83;19;17;43;21;25,943;122;16;21;46;20;30,232
50;98;26;22;44;21;26,692;91;18;22;40;23;25,794;82;12;21;39;16;24,968;88;22;17;43;21;26,296;126;17;20;46;19;30,033;89;23;19;41;20;25,776;97;18;16;41;20;26,056;80;12;20;45;19;27,524;77;19;24;45;21;24,996;83;17;24;44;21;26,913;92;18;25;43;18;26,982;76;17;20;43;23;27,214;125;17;25;46;20;30,279;105;10;21;42;19;28,904;75;20;21;41;19;26,378;125;13;26;43;20;28,99;105;28;21;42;19;27,539;80;21;20;43;18;23,976;124;27;24;42;15;29,463;74;18;22;41;20;24,861;76;17;19;40;19;26,279;123;22;25;45;17;30,171;90;7;20;43;20;27,702;78;20;23;46;20;25,615;97;18;23;44;24;29,371;81;19;17;41;20;23,037;75;17;15;43;18;26,542;119;23;23;41;18;27,515;81;20;18;45;19;25,786;86;16;19;42;20;25,08;69;17;21;45;21;25,784;123;18;22;42;24;30,639;95;20;24;43;23;27,622;82;20;20;45;19;25,981;95;24;20;44;18;26,701;71;20;19;44;20;25,243;110;21;20;43;22;26,686;74;14;19;44;22;25,159;97;15;21;45;20;28,138;71;26;14;40;22;24,455;86;10;21;43;20;27,252;104;19;20;40;19;27,144;85;15;19;44;20;25,257;119;13;21;40;23;29,396;75;24;18;42;24;26,07;68;19;19;43;20;23,528;89;10;18;42;18;25,144;105;21;22;44;23;28,078;127;20;28;43;19;28,29;98;14;21;41;20;26,674;95;12;28;41;16;26,791;123;16;23;43;18;27,242;86;16;18;43;16;25,925;127;22;28;43;22;29,283;127;21;30;45;18;30,572;77;18;18;42;20;27,991;78;23;18;42;22;24,43;123;26;24;42;22;29,673;86;20;19;44;24;26,905;85;20;20;45;19;26,679
